[2026-08-07 02:44:31] local.ERROR: could not find driver (Connection: sqlite, Database: C:\Users\Stefano\Geo-Alert\database\database.sqlite, SQL: select * from "sessions" where "id" = wrtlkZXw75NjxqtKYWgX2AWbcvHFaeUrd3Ccqap2 limit 1) {"exception":"[object] (Illuminate\\Database\\QueryException(code: 0): could not find driver (Connection: sqlite, Database: C:\\Users\\Stefano\\Geo-Alert\\database\\database.sqlite, SQL: select * from \"sessions\" where \"id\" = wrtlkZXw75NjxqtKYWgX2AWbcvHFaeUrd3Ccqap2 limit 1) at C:/Users/Stefano/Geo-Alert/vendor/laravel/framework/src/Illuminate/Database/Connection.php:857)
[stacktrace]
#0 C:/Users/Stefano/Geo-Alert/vendor/laravel/framework/src/Illuminate/Database/Connection.php(813): Illuminate/Database/Connection->runQueryCallback('select * from \"...', Array, Object(Closure))
#1 C:/Users/Stefano/Geo-Alert/vendor/laravel/framework/src/Illuminate/Database/Connection.php(426): Illuminate/Database/Connection->run('select * from \"...', Array, Object(Closure))
#2 C:/Users/Stefano/Geo-Alert/vendor/laravel/framework/src/Illuminate/Database/Query/Builder.php(3574): Illuminate/Database/Connection->select('select * from \"...', Array, false, Array)
#3 C:/Users/Stefano/Geo-Alert/vendor/laravel/framework/src/Illuminate/Database/Query/Builder.php(3558): Illuminate/Database/Query/Builder->runSelect()
#4 C:/Users/Stefano/Geo-Alert/vendor/laravel/framework/src/Illuminate/Database/Concerns/BuildsQueries.php(366): Illuminate/Database/Query/Builder->get(Array)
#5 C:/Users/Stefano/Geo-Alert/vendor/laravel/framework/src/Illuminate/Database/Query/Builder.php(3476): Illuminate/Database/Query/Builder->first(Array)
#6 C:/Users/Stefano/Geo-Alert/vendor/laravel/framework/src/Illuminate/Session/DatabaseSessionHandler.php(96): Illuminate/Database/Query/Builder->find('wrtlkZXw75Njxqt...')
#7 C:/Users/Stefano/Geo-Alert/vendor/laravel/framework/src/Illuminate/Session/Store.php(128): Illuminate/Session/DatabaseSessionHandler->read('wrtlkZXw75Njxqt...')
#8 C:/Users/Stefano/Geo-Alert/vendor/laravel/framework/src/Illuminate/Session/Store.php(116): Illuminate/Session/Store->readFromHandler()
#9 C:/Users/Stefano/Geo-Alert/vendor/laravel/framework/src/Illuminate/Session/Store.php(100): Illuminate/Session/Store->loadSession()
#10 C:/Users/Stefano/Geo-Alert/vendor/laravel/framework/src/Illuminate/Session/Middleware/StartSession.php(146): Illuminate/Session/Store->start()
#11 C:/Users/Stefano/Geo-Alert/vendor/laravel/framework/src/Illuminate/Support/helpers.php(393): Illuminate/Session/Middleware/StartSession->{closure:Illuminate/Session/Middleware/StartSession::startSession():143}(Object(Illuminate/Session/Store))
#12 C:/Users/Stefano/Geo-Alert/vendor/laravel/framework/src/Illuminate/Session/Middleware/StartSession.php(143): tap(Object(Illuminate/Session/Store), Object(Closure))
#13 C:/Users/Stefano/Geo-Alert/vendor/laravel/framework/src/Illuminate/Session/Middleware/StartSession.php(115): Illuminate/Session/Middleware/StartSession->startSession(Object(Illuminate/Http/Request), Object(Illuminate/Session/Store))
#14 C:/Users/Stefano/Geo-Alert/vendor/laravel/framework/src/Illuminate/Session/Middleware/StartSession.php(63): Illuminate/Session/Middleware/StartSession->handleStatefulRequest(Object(Illuminate/Http/Request), Object(Illuminate/Session/Store), Object(Closure))
#15 C:/Users/Stefano/Geo-Alert/vendor/laravel/framework/src/Illuminate/Pipeline/Pipeline.php(219): Illuminate/Session/Middleware/StartSession->handle(Object(Illuminate/Http/Request), Object(Closure))
#16 C:/Users/Stefano/Geo-Alert/vendor/laravel/framework/src/Illuminate/Cookie/Middleware/AddQueuedCookiesToResponse.php(36): Illuminate/Pipeline/Pipeline->{closure:{closure:Illuminate/Pipeline/Pipeline::carry():194}:195}(Object(Illuminate/Http/Request))
#17 C:/Users/Stefano/Geo-Alert/vendor/laravel/framework/src/Illuminate/Pipeline/Pipeline.php(219): Illuminate/Cookie/Middleware/AddQueuedCookiesToResponse->handle(Object(Illuminate/Http/Request), Object(Closure))
#18 C:/Users/Stefano/Geo-Alert/vendor/laravel/framework/src/Illuminate/Cookie/Middleware/EncryptCookies.php(74): Illuminate/Pipeline/Pipeline->{closure:{closure:Illuminate/Pipeline/Pipeline::carry():194}:195}(Object(Illuminate/Http/Request))
#19 C:/Users/Stefano/Geo-Alert/vendor/laravel/framework/src/Illuminate/Pipeline/Pipeline.php(219): Illuminate/Cookie/Middleware/EncryptCookies->handle(Object(Illuminate/Http/Request), Object(Closure))
#20 C:/Users/Stefano/Geo-Alert/vendor/laravel/framework/src/Illuminate/Pipeline/Pipeline.php(137): Illuminate/Pipeline/Pipeline->{closure:{closure:Illuminate/Pipeline/Pipeline::carry():194}:195}(Object(Illuminate/Http/Request))
#21 C:/Users/Stefano/Geo-Alert/vendor/laravel/framework/src/Illuminate/Routing/Router.php(821): Illuminate/Pipeline/Pipeline->then(Object(Closure))
#22 C:/Users/Stefano/Geo-Alert/vendor/laravel/framework/src/Illuminate/Routing/Router.php(800): Illuminate/Routing/Router->runRouteWithinStack(Object(Illuminate/Routing/Route), Object(Illuminate/Http/Request))
#23 C:/Users/Stefano/Geo-Alert/vendor/laravel/framework/src/Illuminate/Routing/Router.php(764): Illuminate/Routing/Router->runRoute(Object(Illuminate/Http/Request), Object(Illuminate/Routing/Route))
#24 C:/Users/Stefano/Geo-Alert/vendor/laravel/framework/src/Illuminate/Routing/Router.php(753): Illuminate/Routing/Router->dispatchToRoute(Object(Illuminate/Http/Request))
#25 C:/Users/Stefano/Geo-Alert/vendor/laravel/framework/src/Illuminate/Foundation/Http/Kernel.php(200): Illuminate/Routing/Router->dispatch(Object(Illuminate/Http/Request))
#26 C:/Users/Stefano/Geo-Alert/vendor/laravel/framework/src/Illuminate/Pipeline/Pipeline.php(180): Illuminate/Foundation/Http/Kernel->{closure:Illuminate/Foundation/Http/Kernel::dispatchToRouter():197}(Object(Illuminate/Http/Request))
#27 C:/Users/Stefano/Geo-Alert/vendor/laravel/framework/src/Illuminate/Foundation/Http/Middleware/TransformsRequest.php(21): Illuminate/Pipeline/Pipeline->{closure:Illuminate/Pipeline/Pipeline::prepareDestination():178}(Object(Illuminate/Http/Request))
#28 C:/Users/Stefano/Geo-Alert/vendor/laravel/framework/src/Illuminate/Foundation/Http/Middleware/ConvertEmptyStringsToNull.php(31): Illuminate/Foundation/Http/Middleware/TransformsRequest->handle(Object(Illuminate/Http/Request), Object(Closure))
#29 C:/Users/Stefano/Geo-Alert/vendor/laravel/framework/src/Illuminate/Pipeline/Pipeline.php(219): Illuminate/Foundation/Http/Middleware/ConvertEmptyStringsToNull->handle(Object(Illuminate/Http/Request), Object(Closure))
#30 C:/Users/Stefano/Geo-Alert/vendor/laravel/framework/src/Illuminate/Foundation/Http/Middleware/TransformsRequest.php(21): Illuminate/Pipeline/Pipeline->{closure:{closure:Illuminate/Pipeline/Pipeline::carry():194}:195}(Object(Illuminate/Http/Request))
#31 C:/Users/Stefano/Geo-Alert/vendor/laravel/framework/src/Illuminate/Foundation/Http/Middleware/TrimStrings.php(51): Illuminate/Foundation/Http/Middleware/TransformsRequest->handle(Object(Illuminate/Http/Request), Object(Closure))
#32 C:/Users/Stefano/Geo-Alert/vendor/laravel/framework/src/Illuminate/Pipeline/Pipeline.php(219): Illuminate/Foundation/Http/Middleware/TrimStrings->handle(Object(Illuminate/Http/Request), Object(Closure))
#33 C:/Users/Stefano/Geo-Alert/vendor/laravel/framework/src/Illuminate/Http/Middleware/ValidatePostSize.php(27): Illuminate/Pipeline/Pipeline->{closure:{closure:Illuminate/Pipeline/Pipeline::carry():194}:195}(Object(Illuminate/Http/Request))
#34 C:/Users/Stefano/Geo-Alert/vendor/laravel/framework/src/Illuminate/Pipeline/Pipeline.php(219): Illuminate/Http/Middleware/ValidatePostSize->handle(Object(Illuminate/Http/Request), Object(Closure))
#35 C:/Users/Stefano/Geo-Alert/vendor/laravel/framework/src/Illuminate/Foundation/Http/Middleware/PreventRequestsDuringMaintenance.php(109): Illuminate/Pipeline/Pipeline->{closure:{closure:Illuminate/Pipeline/Pipeline::carry():194}:195}(Object(Illuminate/Http/Request))
#36 C:/Users/Stefano/Geo-Alert/vendor/laravel/framework/src/Illuminate/Pipeline/Pipeline.php(219): Illuminate/Foundation/Http/Middleware/PreventRequestsDuringMaintenance->handle(Object(Illuminate/Http/Request), Object(Closure))
#37 C:/Users/Stefano/Geo-Alert/vendor/laravel/framework/src/Illuminate/Http/Middleware/HandleCors.php(61): Illuminate/Pipeline/Pipeline->{closure:{closure:Illuminate/Pipeline/Pipeline::carry():194}:195}(Object(Illuminate/Http/Request))
#38 C:/Users/Stefano/Geo-Alert/vendor/laravel/framework/src/Illuminate/Pipeline/Pipeline.php(219): Illuminate/Http/Middleware/HandleCors->handle(Object(Illuminate/Http/Request), Object(Closure))
#39 C:/Users/Stefano/Geo-Alert/vendor/laravel/framework/src/Illuminate/Http/Middleware/TrustProxies.php(58): Illuminate/Pipeline/Pipeline->{closure:{closure:Illuminate/Pipeline/Pipeline::carry():194}:195}(Object(Illuminate/Http/Request))
#40 C:/Users/Stefano/Geo-Alert/vendor/laravel/framework/src/Illuminate/Pipeline/Pipeline.php(219): Illuminate/Http/Middleware/TrustProxies->handle(Object(Illuminate/Http/Request), Object(Closure))
#41 C:/Users/Stefano/Geo-Alert/vendor/laravel/framework/src/Illuminate/Foundation/Http/Middleware/InvokeDeferredCallbacks.php(22): Illuminate/Pipeline/Pipeline->{closure:{closure:Illuminate/Pipeline/Pipeline::carry():194}:195}(Object(Illuminate/Http/Request))
#42 C:/Users/Stefano/Geo-Alert/vendor/laravel/framework/src/Illuminate/Pipeline/Pipeline.php(219): Illuminate/Foundation/Http/Middleware/InvokeDeferredCallbacks->handle(Object(Illuminate/Http/Request), Object(Closure))
#43 C:/Users/Stefano/Geo-Alert/vendor/laravel/framework/src/Illuminate/Http/Middleware/ValidatePathEncoding.php(28): Illuminate/Pipeline/Pipeline->{closure:{closure:Illuminate/Pipeline/Pipeline::carry():194}:195}(Object(Illuminate/Http/Request))
#44 C:/Users/Stefano/Geo-Alert/vendor/laravel/framework/src/Illuminate/Pipeline/Pipeline.php(219): Illuminate/Http/Middleware/ValidatePathEncoding->handle(Object(Illuminate/Http/Request), Object(Closure))
#45 C:/Users/Stefano/Geo-Alert/vendor/laravel/framework/src/Illuminate/Pipeline/Pipeline.php(137): Illuminate/Pipeline/Pipeline->{closure:{closure:Illuminate/Pipeline/Pipeline::carry():194}:195}(Object(Illuminate/Http/Request))
#46 C:/Users/Stefano/Geo-Alert/vendor/laravel/framework/src/Illuminate/Foundation/Http/Kernel.php(175): Illuminate/Pipeline/Pipeline->then(Object(Closure))
#47 C:/Users/Stefano/Geo-Alert/vendor/laravel/framework/src/Illuminate/Foundation/Http/Kernel.php(144): Illuminate/Foundation/Http/Kernel->sendRequestThroughRouter(Object(Illuminate/Http/Request))
#48 C:/Users/Stefano/Geo-Alert/vendor/laravel/framework/src/Illuminate/Foundation/Application.php(1227): Illuminate/Foundation/Http/Kernel->handle(Object(Illuminate/Http/Request))
#49 C:/Users/Stefano/Geo-Alert/public/index.php(20): Illuminate/Foundation/Application->handleRequest(Object(Illuminate/Http/Request))
#50 C:/Users/Stefano/Geo-Alert/vendor/laravel/framework/src/Illuminate/Foundation/resources/server.php(23): require_once('C://Users//Stefan...')
#51 {main}

[previous exception] [object] (PDOException(code: 0): could not find driver at C:/Users/Stefano/Geo-Alert/vendor/laravel/framework/src/Illuminate/Database/Connectors/Connector.php:67)
[stacktrace]
#0 C:/Users/Stefano/Geo-Alert/vendor/laravel/framework/src/Illuminate/Database/Connectors/Connector.php(67): PDO::connect('sqlite:C://Users...', NULL, Object(SensitiveParameterValue), Array)
#1 C:/Users/Stefano/Geo-Alert/vendor/laravel/framework/src/Illuminate/Database/Connectors/Connector.php(44): Illuminate/Database/Connectors/Connector->createPdoConnection('sqlite:C://Users...', NULL, Object(SensitiveParameterValue), Array)
#2 C:/Users/Stefano/Geo-Alert/vendor/laravel/framework/src/Illuminate/Database/Connectors/SQLiteConnector.php(21): Illuminate/Database/Connectors/Connector->createConnection('sqlite:C://Users...', Array, Array)
#3 C:/Users/Stefano/Geo-Alert/vendor/laravel/framework/src/Illuminate/Database/Connectors/ConnectionFactory.php(259): Illuminate/Database/Connectors/SQLiteConnector->connect(Array)
#4 [internal function]: Illuminate/Database/Connectors/ConnectionFactory->{closure:Illuminate/Database/Connectors/ConnectionFactory::createPdoResolverWithoutHosts():259}()
#5 C:/Users/Stefano/Geo-Alert/vendor/laravel/framework/src/Illuminate/Database/Connection.php(1297): call_user_func(Object(Closure))
#6 C:/Users/Stefano/Geo-Alert/vendor/laravel/framework/src/Illuminate/Database/Connection.php(542): Illuminate/Database/Connection->getPdo()
#7 C:/Users/Stefano/Geo-Alert/vendor/laravel/framework/src/Illuminate/Database/Connection.php(435): Illuminate/Database/Connection->getPdoForSelect(false)
#8 C:/Users/Stefano/Geo-Alert/vendor/laravel/framework/src/Illuminate/Database/Connection.php(846): Illuminate/Database/Connection->{closure:Illuminate/Database/Connection::select():426}('select * from \"...', Array)
#9 C:/Users/Stefano/Geo-Alert/vendor/laravel/framework/src/Illuminate/Database/Connection.php(813): Illuminate/Database/Connection->runQueryCallback('select * from \"...', Array, Object(Closure))
#10 C:/Users/Stefano/Geo-Alert/vendor/laravel/framework/src/Illuminate/Database/Connection.php(426): Illuminate/Database/Connection->run('select * from \"...', Array, Object(Closure))
#11 C:/Users/Stefano/Geo-Alert/vendor/laravel/framework/src/Illuminate/Database/Query/Builder.php(3574): Illuminate/Database/Connection->select('select * from \"...', Array, false, Array)
#12 C:/Users/Stefano/Geo-Alert/vendor/laravel/framework/src/Illuminate/Database/Query/Builder.php(3558): Illuminate/Database/Query/Builder->runSelect()
#13 C:/Users/Stefano/Geo-Alert/vendor/laravel/framework/src/Illuminate/Database/Concerns/BuildsQueries.php(366): Illuminate/Database/Query/Builder->get(Array)
#14 C:/Users/Stefano/Geo-Alert/vendor/laravel/framework/src/Illuminate/Database/Query/Builder.php(3476): Illuminate/Database/Query/Builder->first(Array)
#15 C:/Users/Stefano/Geo-Alert/vendor/laravel/framework/src/Illuminate/Session/DatabaseSessionHandler.php(96): Illuminate/Database/Query/Builder->find('wrtlkZXw75Njxqt...')
#16 C:/Users/Stefano/Geo-Alert/vendor/laravel/framework/src/Illuminate/Session/Store.php(128): Illuminate/Session/DatabaseSessionHandler->read('wrtlkZXw75Njxqt...')
#17 C:/Users/Stefano/Geo-Alert/vendor/laravel/framework/src/Illuminate/Session/Store.php(116): Illuminate/Session/Store->readFromHandler()
#18 C:/Users/Stefano/Geo-Alert/vendor/laravel/framework/src/Illuminate/Session/Store.php(100): Illuminate/Session/Store->loadSession()
#19 C:/Users/Stefano/Geo-Alert/vendor/laravel/framework/src/Illuminate/Session/Middleware/StartSession.php(146): Illuminate/Session/Store->start()
#20 C:/Users/Stefano/Geo-Alert/vendor/laravel/framework/src/Illuminate/Support/helpers.php(393): Illuminate/Session/Middleware/StartSession->{closure:Illuminate/Session/Middleware/StartSession::startSession():143}(Object(Illuminate/Session/Store))
#21 C:/Users/Stefano/Geo-Alert/vendor/laravel/framework/src/Illuminate/Session/Middleware/StartSession.php(143): tap(Object(Illuminate/Session/Store), Object(Closure))
#22 C:/Users/Stefano/Geo-Alert/vendor/laravel/framework/src/Illuminate/Session/Middleware/StartSession.php(115): Illuminate/Session/Middleware/StartSession->startSession(Object(Illuminate/Http/Request), Object(Illuminate/Session/Store))
#23 C:/Users/Stefano/Geo-Alert/vendor/laravel/framework/src/Illuminate/Session/Middleware/StartSession.php(63): Illuminate/Session/Middleware/StartSession->handleStatefulRequest(Object(Illuminate/Http/Request), Object(Illuminate/Session/Store), Object(Closure))
#24 C:/Users/Stefano/Geo-Alert/vendor/laravel/framework/src/Illuminate/Pipeline/Pipeline.php(219): Illuminate/Session/Middleware/StartSession->handle(Object(Illuminate/Http/Request), Object(Closure))
#25 C:/Users/Stefano/Geo-Alert/vendor/laravel/framework/src/Illuminate/Cookie/Middleware/AddQueuedCookiesToResponse.php(36): Illuminate/Pipeline/Pipeline->{closure:{closure:Illuminate/Pipeline/Pipeline::carry():194}:195}(Object(Illuminate/Http/Request))
#26 C:/Users/Stefano/Geo-Alert/vendor/laravel/framework/src/Illuminate/Pipeline/Pipeline.php(219): Illuminate/Cookie/Middleware/AddQueuedCookiesToResponse->handle(Object(Illuminate/Http/Request), Object(Closure))
#27 C:/Users/Stefano/Geo-Alert/vendor/laravel/framework/src/Illuminate/Cookie/Middleware/EncryptCookies.php(74): Illuminate/Pipeline/Pipeline->{closure:{closure:Illuminate/Pipeline/Pipeline::carry():194}:195}(Object(Illuminate/Http/Request))
#28 C:/Users/Stefano/Geo-Alert/vendor/laravel/framework/src/Illuminate/Pipeline/Pipeline.php(219): Illuminate/Cookie/Middleware/EncryptCookies->handle(Object(Illuminate/Http/Request), Object(Closure))
#29 C:/Users/Stefano/Geo-Alert/vendor/laravel/framework/src/Illuminate/Pipeline/Pipeline.php(137): Illuminate/Pipeline/Pipeline->{closure:{closure:Illuminate/Pipeline/Pipeline::carry():194}:195}(Object(Illuminate/Http/Request))
#30 C:/Users/Stefano/Geo-Alert/vendor/laravel/framework/src/Illuminate/Routing/Router.php(821): Illuminate/Pipeline/Pipeline->then(Object(Closure))
#31 C:/Users/Stefano/Geo-Alert/vendor/laravel/framework/src/Illuminate/Routing/Router.php(800): Illuminate/Routing/Router->runRouteWithinStack(Object(Illuminate/Routing/Route), Object(Illuminate/Http/Request))
#32 C:/Users/Stefano/Geo-Alert/vendor/laravel/framework/src/Illuminate/Routing/Router.php(764): Illuminate/Routing/Router->runRoute(Object(Illuminate/Http/Request), Object(Illuminate/Routing/Route))
#33 C:/Users/Stefano/Geo-Alert/vendor/laravel/framework/src/Illuminate/Routing/Router.php(753): Illuminate/Routing/Router->dispatchToRoute(Object(Illuminate/Http/Request))
#34 C:/Users/Stefano/Geo-Alert/vendor/laravel/framework/src/Illuminate/Foundation/Http/Kernel.php(200): Illuminate/Routing/Router->dispatch(Object(Illuminate/Http/Request))
#35 C:/Users/Stefano/Geo-Alert/vendor/laravel/framework/src/Illuminate/Pipeline/Pipeline.php(180): Illuminate/Foundation/Http/Kernel->{closure:Illuminate/Foundation/Http/Kernel::dispatchToRouter():197}(Object(Illuminate/Http/Request))
#36 C:/Users/Stefano/Geo-Alert/vendor/laravel/framework/src/Illuminate/Foundation/Http/Middleware/TransformsRequest.php(21): Illuminate/Pipeline/Pipeline->{closure:Illuminate/Pipeline/Pipeline::prepareDestination():178}(Object(Illuminate/Http/Request))
#37 C:/Users/Stefano/Geo-Alert/vendor/laravel/framework/src/Illuminate/Foundation/Http/Middleware/ConvertEmptyStringsToNull.php(31): Illuminate/Foundation/Http/Middleware/TransformsRequest->handle(Object(Illuminate/Http/Request), Object(Closure))
#38 C:/Users/Stefano/Geo-Alert/vendor/laravel/framework/src/Illuminate/Pipeline/Pipeline.php(219): Illuminate/Foundation/Http/Middleware/ConvertEmptyStringsToNull->handle(Object(Illuminate/Http/Request), Object(Closure))
#39 C:/Users/Stefano/Geo-Alert/vendor/laravel/framework/src/Illuminate/Foundation/Http/Middleware/TransformsRequest.php(21): Illuminate/Pipeline/Pipeline->{closure:{closure:Illuminate/Pipeline/Pipeline::carry():194}:195}(Object(Illuminate/Http/Request))
#40 C:/Users/Stefano/Geo-Alert/vendor/laravel/framework/src/Illuminate/Foundation/Http/Middleware/TrimStrings.php(51): Illuminate/Foundation/Http/Middleware/TransformsRequest->handle(Object(Illuminate/Http/Request), Object(Closure))
#41 C:/Users/Stefano/Geo-Alert/vendor/laravel/framework/src/Illuminate/Pipeline/Pipeline.php(219): Illuminate/Foundation/Http/Middleware/TrimStrings->handle(Object(Illuminate/Http/Request), Object(Closure))
#42 C:/Users/Stefano/Geo-Alert/vendor/laravel/framework/src/Illuminate/Http/Middleware/ValidatePostSize.php(27): Illuminate/Pipeline/Pipeline->{closure:{closure:Illuminate/Pipeline/Pipeline::carry():194}:195}(Object(Illuminate/Http/Request))
#43 C:/Users/Stefano/Geo-Alert/vendor/laravel/framework/src/Illuminate/Pipeline/Pipeline.php(219): Illuminate/Http/Middleware/ValidatePostSize->handle(Object(Illuminate/Http/Request), Object(Closure))
#44 C:/Users/Stefano/Geo-Alert/vendor/laravel/framework/src/Illuminate/Foundation/Http/Middleware/PreventRequestsDuringMaintenance.php(109): Illuminate/Pipeline/Pipeline->{closure:{closure:Illuminate/Pipeline/Pipeline::carry():194}:195}(Object(Illuminate/Http/Request))
#45 C:/Users/Stefano/Geo-Alert/vendor/laravel/framework/src/Illuminate/Pipeline/Pipeline.php(219): Illuminate/Foundation/Http/Middleware/PreventRequestsDuringMaintenance->handle(Object(Illuminate/Http/Request), Object(Closure))
#46 C:/Users/Stefano/Geo-Alert/vendor/laravel/framework/src/Illuminate/Http/Middleware/HandleCors.php(61): Illuminate/Pipeline/Pipeline->{closure:{closure:Illuminate/Pipeline/Pipeline::carry():194}:195}(Object(Illuminate/Http/Request))
#47 C:/Users/Stefano/Geo-Alert/vendor/laravel/framework/src/Illuminate/Pipeline/Pipeline.php(219): Illuminate/Http/Middleware/HandleCors->handle(Object(Illuminate/Http/Request), Object(Closure))
#48 C:/Users/Stefano/Geo-Alert/vendor/laravel/framework/src/Illuminate/Http/Middleware/TrustProxies.php(58): Illuminate/Pipeline/Pipeline->{closure:{closure:Illuminate/Pipeline/Pipeline::carry():194}:195}(Object(Illuminate/Http/Request))
#49 C:/Users/Stefano/Geo-Alert/vendor/laravel/framework/src/Illuminate/Pipeline/Pipeline.php(219): Illuminate/Http/Middleware/TrustProxies->handle(Object(Illuminate/Http/Request), Object(Closure))
#50 C:/Users/Stefano/Geo-Alert/vendor/laravel/framework/src/Illuminate/Foundation/Http/Middleware/InvokeDeferredCallbacks.php(22): Illuminate/Pipeline/Pipeline->{closure:{closure:Illuminate/Pipeline/Pipeline::carry():194}:195}(Object(Illuminate/Http/Request))
#51 C:/Users/Stefano/Geo-Alert/vendor/laravel/framework/src/Illuminate/Pipeline/Pipeline.php(219): Illuminate/Foundation/Http/Middleware/InvokeDeferredCallbacks->handle(Object(Illuminate/Http/Request), Object(Closure))
#52 C:/Users/Stefano/Geo-Alert/vendor/laravel/framework/src/Illuminate/Http/Middleware/ValidatePathEncoding.php(28): Illuminate/Pipeline/Pipeline->{closure:{closure:Illuminate/Pipeline/Pipeline::carry():194}:195}(Object(Illuminate/Http/Request))
#53 C:/Users/Stefano/Geo-Alert/vendor/laravel/framework/src/Illuminate/Pipeline/Pipeline.php(219): Illuminate/Http/Middleware/ValidatePathEncoding->handle(Object(Illuminate/Http/Request), Object(Closure))
#54 C:/Users/Stefano/Geo-Alert/vendor/laravel/framework/src/Illuminate/Pipeline/Pipeline.php(137): Illuminate/Pipeline/Pipeline->{closure:{closure:Illuminate/Pipeline/Pipeline::carry():194}:195}(Object(Illuminate/Http/Request))
#55 C:/Users/Stefano/Geo-Alert/vendor/laravel/framework/src/Illuminate/Foundation/Http/Kernel.php(175): Illuminate/Pipeline/Pipeline->then(Object(Closure))
#56 C:/Users/Stefano/Geo-Alert/vendor/laravel/framework/src/Illuminate/Foundation/Http/Kernel.php(144): Illuminate/Foundation/Http/Kernel->sendRequestThroughRouter(Object(Illuminate/Http/Request))
#57 C:/Users/Stefano/Geo-Alert/vendor/laravel/framework/src/Illuminate/Foundation/Application.php(1227): Illuminate/Foundation/Http/Kernel->handle(Object(Illuminate/Http/Request))
#58 C:/Users/Stefano/Geo-Alert/public/index.php(20): Illuminate/Foundation/Application->handleRequest(Object(Illuminate/Http/Request))
#59 C:/Users/Stefano/Geo-Alert/vendor/laravel/framework/src/Illuminate/Foundation/resources/server.php(23): require_once('C://Users//Stefan...')
#60 {main}
"} 
[2026-08-07 02:44:54] local.ERROR: Maximum execution time of 30 seconds exceeded {"exception":"[object] (Symfony\\Component\\ErrorHandler\\Error\\FatalError(code: 0): Maximum execution time of 30 seconds exceeded at C:/Users/Stefano/Geo-Alert/storage/framework/views/a307ff8a0b19aa108870939ab7763327.php:1)
[stacktrace]
#0 {main}
"} 
[2026-08-07 02:53:34] local.ERROR: could not find driver (Connection: sqlite, Database: C:\Users\Stefano\Geo-Alert\database\database.sqlite, SQL: select * from "sessions" where "id" = W90gr5HzTODE0LAysEWjXrOL5eUjX1Hh3h5F10By limit 1) {"exception":"[object] (Illuminate\\Database\\QueryException(code: 0): could not find driver (Connection: sqlite, Database: C:\\Users\\Stefano\\Geo-Alert\\database\\database.sqlite, SQL: select * from \"sessions\" where \"id\" = W90gr5HzTODE0LAysEWjXrOL5eUjX1Hh3h5F10By limit 1) at C:/Users/Stefano/Geo-Alert/vendor/laravel/framework/src/Illuminate/Database/Connection.php:857)
[stacktrace]
#0 C:/Users/Stefano/Geo-Alert/vendor/laravel/framework/src/Illuminate/Database/Connection.php(813): Illuminate/Database/Connection->runQueryCallback('select * from \"...', Array, Object(Closure))
#1 C:/Users/Stefano/Geo-Alert/vendor/laravel/framework/src/Illuminate/Database/Connection.php(426): Illuminate/Database/Connection->run('select * from \"...', Array, Object(Closure))
#2 C:/Users/Stefano/Geo-Alert/vendor/laravel/framework/src/Illuminate/Database/Query/Builder.php(3574): Illuminate/Database/Connection->select('select * from \"...', Array, false, Array)
#3 C:/Users/Stefano/Geo-Alert/vendor/laravel/framework/src/Illuminate/Database/Query/Builder.php(3558): Illuminate/Database/Query/Builder->runSelect()
#4 C:/Users/Stefano/Geo-Alert/vendor/laravel/framework/src/Illuminate/Database/Concerns/BuildsQueries.php(366): Illuminate/Database/Query/Builder->get(Array)
#5 C:/Users/Stefano/Geo-Alert/vendor/laravel/framework/src/Illuminate/Database/Query/Builder.php(3476): Illuminate/Database/Query/Builder->first(Array)
#6 C:/Users/Stefano/Geo-Alert/vendor/laravel/framework/src/Illuminate/Session/DatabaseSessionHandler.php(96): Illuminate/Database/Query/Builder->find('W90gr5HzTODE0LA...')
#7 C:/Users/Stefano/Geo-Alert/vendor/laravel/framework/src/Illuminate/Session/Store.php(128): Illuminate/Session/DatabaseSessionHandler->read('W90gr5HzTODE0LA...')
#8 C:/Users/Stefano/Geo-Alert/vendor/laravel/framework/src/Illuminate/Session/Store.php(116): Illuminate/Session/Store->readFromHandler()
#9 C:/Users/Stefano/Geo-Alert/vendor/laravel/framework/src/Illuminate/Session/Store.php(100): Illuminate/Session/Store->loadSession()
#10 C:/Users/Stefano/Geo-Alert/vendor/laravel/framework/src/Illuminate/Session/Middleware/StartSession.php(146): Illuminate/Session/Store->start()
#11 C:/Users/Stefano/Geo-Alert/vendor/laravel/framework/src/Illuminate/Support/helpers.php(393): Illuminate/Session/Middleware/StartSession->{closure:Illuminate/Session/Middleware/StartSession::startSession():143}(Object(Illuminate/Session/Store))
#12 C:/Users/Stefano/Geo-Alert/vendor/laravel/framework/src/Illuminate/Session/Middleware/StartSession.php(143): tap(Object(Illuminate/Session/Store), Object(Closure))
#13 C:/Users/Stefano/Geo-Alert/vendor/laravel/framework/src/Illuminate/Session/Middleware/StartSession.php(115): Illuminate/Session/Middleware/StartSession->startSession(Object(Illuminate/Http/Request), Object(Illuminate/Session/Store))
#14 C:/Users/Stefano/Geo-Alert/vendor/laravel/framework/src/Illuminate/Session/Middleware/StartSession.php(63): Illuminate/Session/Middleware/StartSession->handleStatefulRequest(Object(Illuminate/Http/Request), Object(Illuminate/Session/Store), Object(Closure))
#15 C:/Users/Stefano/Geo-Alert/vendor/laravel/framework/src/Illuminate/Pipeline/Pipeline.php(219): Illuminate/Session/Middleware/StartSession->handle(Object(Illuminate/Http/Request), Object(Closure))
#16 C:/Users/Stefano/Geo-Alert/vendor/laravel/framework/src/Illuminate/Cookie/Middleware/AddQueuedCookiesToResponse.php(36): Illuminate/Pipeline/Pipeline->{closure:{closure:Illuminate/Pipeline/Pipeline::carry():194}:195}(Object(Illuminate/Http/Request))
#17 C:/Users/Stefano/Geo-Alert/vendor/laravel/framework/src/Illuminate/Pipeline/Pipeline.php(219): Illuminate/Cookie/Middleware/AddQueuedCookiesToResponse->handle(Object(Illuminate/Http/Request), Object(Closure))
#18 C:/Users/Stefano/Geo-Alert/vendor/laravel/framework/src/Illuminate/Cookie/Middleware/EncryptCookies.php(74): Illuminate/Pipeline/Pipeline->{closure:{closure:Illuminate/Pipeline/Pipeline::carry():194}:195}(Object(Illuminate/Http/Request))
#19 C:/Users/Stefano/Geo-Alert/vendor/laravel/framework/src/Illuminate/Pipeline/Pipeline.php(219): Illuminate/Cookie/Middleware/EncryptCookies->handle(Object(Illuminate/Http/Request), Object(Closure))
#20 C:/Users/Stefano/Geo-Alert/vendor/laravel/framework/src/Illuminate/Pipeline/Pipeline.php(137): Illuminate/Pipeline/Pipeline->{closure:{closure:Illuminate/Pipeline/Pipeline::carry():194}:195}(Object(Illuminate/Http/Request))
#21 C:/Users/Stefano/Geo-Alert/vendor/laravel/framework/src/Illuminate/Routing/Router.php(821): Illuminate/Pipeline/Pipeline->then(Object(Closure))
#22 C:/Users/Stefano/Geo-Alert/vendor/laravel/framework/src/Illuminate/Routing/Router.php(800): Illuminate/Routing/Router->runRouteWithinStack(Object(Illuminate/Routing/Route), Object(Illuminate/Http/Request))
#23 C:/Users/Stefano/Geo-Alert/vendor/laravel/framework/src/Illuminate/Routing/Router.php(764): Illuminate/Routing/Router->runRoute(Object(Illuminate/Http/Request), Object(Illuminate/Routing/Route))
#24 C:/Users/Stefano/Geo-Alert/vendor/laravel/framework/src/Illuminate/Routing/Router.php(753): Illuminate/Routing/Router->dispatchToRoute(Object(Illuminate/Http/Request))
#25 C:/Users/Stefano/Geo-Alert/vendor/laravel/framework/src/Illuminate/Foundation/Http/Kernel.php(200): Illuminate/Routing/Router->dispatch(Object(Illuminate/Http/Request))
#26 C:/Users/Stefano/Geo-Alert/vendor/laravel/framework/src/Illuminate/Pipeline/Pipeline.php(180): Illuminate/Foundation/Http/Kernel->{closure:Illuminate/Foundation/Http/Kernel::dispatchToRouter():197}(Object(Illuminate/Http/Request))
#27 C:/Users/Stefano/Geo-Alert/vendor/laravel/framework/src/Illuminate/Foundation/Http/Middleware/TransformsRequest.php(21): Illuminate/Pipeline/Pipeline->{closure:Illuminate/Pipeline/Pipeline::prepareDestination():178}(Object(Illuminate/Http/Request))
#28 C:/Users/Stefano/Geo-Alert/vendor/laravel/framework/src/Illuminate/Foundation/Http/Middleware/ConvertEmptyStringsToNull.php(31): Illuminate/Foundation/Http/Middleware/TransformsRequest->handle(Object(Illuminate/Http/Request), Object(Closure))
#29 C:/Users/Stefano/Geo-Alert/vendor/laravel/framework/src/Illuminate/Pipeline/Pipeline.php(219): Illuminate/Foundation/Http/Middleware/ConvertEmptyStringsToNull->handle(Object(Illuminate/Http/Request), Object(Closure))
#30 C:/Users/Stefano/Geo-Alert/vendor/laravel/framework/src/Illuminate/Foundation/Http/Middleware/TransformsRequest.php(21): Illuminate/Pipeline/Pipeline->{closure:{closure:Illuminate/Pipeline/Pipeline::carry():194}:195}(Object(Illuminate/Http/Request))
#31 C:/Users/Stefano/Geo-Alert/vendor/laravel/framework/src/Illuminate/Foundation/Http/Middleware/TrimStrings.php(51): Illuminate/Foundation/Http/Middleware/TransformsRequest->handle(Object(Illuminate/Http/Request), Object(Closure))
#32 C:/Users/Stefano/Geo-Alert/vendor/laravel/framework/src/Illuminate/Pipeline/Pipeline.php(219): Illuminate/Foundation/Http/Middleware/TrimStrings->handle(Object(Illuminate/Http/Request), Object(Closure))
#33 C:/Users/Stefano/Geo-Alert/vendor/laravel/framework/src/Illuminate/Http/Middleware/ValidatePostSize.php(27): Illuminate/Pipeline/Pipeline->{closure:{closure:Illuminate/Pipeline/Pipeline::carry():194}:195}(Object(Illuminate/Http/Request))
#34 C:/Users/Stefano/Geo-Alert/vendor/laravel/framework/src/Illuminate/Pipeline/Pipeline.php(219): Illuminate/Http/Middleware/ValidatePostSize->handle(Object(Illuminate/Http/Request), Object(Closure))
#35 C:/Users/Stefano/Geo-Alert/vendor/laravel/framework/src/Illuminate/Foundation/Http/Middleware/PreventRequestsDuringMaintenance.php(109): Illuminate/Pipeline/Pipeline->{closure:{closure:Illuminate/Pipeline/Pipeline::carry():194}:195}(Object(Illuminate/Http/Request))
#36 C:/Users/Stefano/Geo-Alert/vendor/laravel/framework/src/Illuminate/Pipeline/Pipeline.php(219): Illuminate/Foundation/Http/Middleware/PreventRequestsDuringMaintenance->handle(Object(Illuminate/Http/Request), Object(Closure))
#37 C:/Users/Stefano/Geo-Alert/vendor/laravel/framework/src/Illuminate/Http/Middleware/HandleCors.php(61): Illuminate/Pipeline/Pipeline->{closure:{closure:Illuminate/Pipeline/Pipeline::carry():194}:195}(Object(Illuminate/Http/Request))
#38 C:/Users/Stefano/Geo-Alert/vendor/laravel/framework/src/Illuminate/Pipeline/Pipeline.php(219): Illuminate/Http/Middleware/HandleCors->handle(Object(Illuminate/Http/Request), Object(Closure))
#39 C:/Users/Stefano/Geo-Alert/vendor/laravel/framework/src/Illuminate/Http/Middleware/TrustProxies.php(58): Illuminate/Pipeline/Pipeline->{closure:{closure:Illuminate/Pipeline/Pipeline::carry():194}:195}(Object(Illuminate/Http/Request))
#40 C:/Users/Stefano/Geo-Alert/vendor/laravel/framework/src/Illuminate/Pipeline/Pipeline.php(219): Illuminate/Http/Middleware/TrustProxies->handle(Object(Illuminate/Http/Request), Object(Closure))
#41 C:/Users/Stefano/Geo-Alert/vendor/laravel/framework/src/Illuminate/Foundation/Http/Middleware/InvokeDeferredCallbacks.php(22): Illuminate/Pipeline/Pipeline->{closure:{closure:Illuminate/Pipeline/Pipeline::carry():194}:195}(Object(Illuminate/Http/Request))
#42 C:/Users/Stefano/Geo-Alert/vendor/laravel/framework/src/Illuminate/Pipeline/Pipeline.php(219): Illuminate/Foundation/Http/Middleware/InvokeDeferredCallbacks->handle(Object(Illuminate/Http/Request), Object(Closure))
#43 C:/Users/Stefano/Geo-Alert/vendor/laravel/framework/src/Illuminate/Http/Middleware/ValidatePathEncoding.php(28): Illuminate/Pipeline/Pipeline->{closure:{closure:Illuminate/Pipeline/Pipeline::carry():194}:195}(Object(Illuminate/Http/Request))
#44 C:/Users/Stefano/Geo-Alert/vendor/laravel/framework/src/Illuminate/Pipeline/Pipeline.php(219): Illuminate/Http/Middleware/ValidatePathEncoding->handle(Object(Illuminate/Http/Request), Object(Closure))
#45 C:/Users/Stefano/Geo-Alert/vendor/laravel/framework/src/Illuminate/Pipeline/Pipeline.php(137): Illuminate/Pipeline/Pipeline->{closure:{closure:Illuminate/Pipeline/Pipeline::carry():194}:195}(Object(Illuminate/Http/Request))
#46 C:/Users/Stefano/Geo-Alert/vendor/laravel/framework/src/Illuminate/Foundation/Http/Kernel.php(175): Illuminate/Pipeline/Pipeline->then(Object(Closure))
#47 C:/Users/Stefano/Geo-Alert/vendor/laravel/framework/src/Illuminate/Foundation/Http/Kernel.php(144): Illuminate/Foundation/Http/Kernel->sendRequestThroughRouter(Object(Illuminate/Http/Request))
#48 C:/Users/Stefano/Geo-Alert/vendor/laravel/framework/src/Illuminate/Foundation/Application.php(1227): Illuminate/Foundation/Http/Kernel->handle(Object(Illuminate/Http/Request))
#49 C:/Users/Stefano/Geo-Alert/public/index.php(20): Illuminate/Foundation/Application->handleRequest(Object(Illuminate/Http/Request))
#50 C:/Users/Stefano/Geo-Alert/vendor/laravel/framework/src/Illuminate/Foundation/resources/server.php(23): require_once('C://Users//Stefan...')
#51 {main}

[previous exception] [object] (PDOException(code: 0): could not find driver at C:/Users/Stefano/Geo-Alert/vendor/laravel/framework/src/Illuminate/Database/Connectors/Connector.php:67)
[stacktrace]
#0 C:/Users/Stefano/Geo-Alert/vendor/laravel/framework/src/Illuminate/Database/Connectors/Connector.php(67): PDO::connect('sqlite:C://Users...', NULL, Object(SensitiveParameterValue), Array)
#1 C:/Users/Stefano/Geo-Alert/vendor/laravel/framework/src/Illuminate/Database/Connectors/Connector.php(44): Illuminate/Database/Connectors/Connector->createPdoConnection('sqlite:C://Users...', NULL, Object(SensitiveParameterValue), Array)
#2 C:/Users/Stefano/Geo-Alert/vendor/laravel/framework/src/Illuminate/Database/Connectors/SQLiteConnector.php(21): Illuminate/Database/Connectors/Connector->createConnection('sqlite:C://Users...', Array, Array)
#3 C:/Users/Stefano/Geo-Alert/vendor/laravel/framework/src/Illuminate/Database/Connectors/ConnectionFactory.php(259): Illuminate/Database/Connectors/SQLiteConnector->connect(Array)
#4 [internal function]: Illuminate/Database/Connectors/ConnectionFactory->{closure:Illuminate/Database/Connectors/ConnectionFactory::createPdoResolverWithoutHosts():259}()
#5 C:/Users/Stefano/Geo-Alert/vendor/laravel/framework/src/Illuminate/Database/Connection.php(1297): call_user_func(Object(Closure))
#6 C:/Users/Stefano/Geo-Alert/vendor/laravel/framework/src/Illuminate/Database/Connection.php(542): Illuminate/Database/Connection->getPdo()
#7 C:/Users/Stefano/Geo-Alert/vendor/laravel/framework/src/Illuminate/Database/Connection.php(435): Illuminate/Database/Connection->getPdoForSelect(false)
#8 C:/Users/Stefano/Geo-Alert/vendor/laravel/framework/src/Illuminate/Database/Connection.php(846): Illuminate/Database/Connection->{closure:Illuminate/Database/Connection::select():426}('select * from \"...', Array)
#9 C:/Users/Stefano/Geo-Alert/vendor/laravel/framework/src/Illuminate/Database/Connection.php(813): Illuminate/Database/Connection->runQueryCallback('select * from \"...', Array, Object(Closure))
#10 C:/Users/Stefano/Geo-Alert/vendor/laravel/framework/src/Illuminate/Database/Connection.php(426): Illuminate/Database/Connection->run('select * from \"...', Array, Object(Closure))
#11 C:/Users/Stefano/Geo-Alert/vendor/laravel/framework/src/Illuminate/Database/Query/Builder.php(3574): Illuminate/Database/Connection->select('select * from \"...', Array, false, Array)
#12 C:/Users/Stefano/Geo-Alert/vendor/laravel/framework/src/Illuminate/Database/Query/Builder.php(3558): Illuminate/Database/Query/Builder->runSelect()
#13 C:/Users/Stefano/Geo-Alert/vendor/laravel/framework/src/Illuminate/Database/Concerns/BuildsQueries.php(366): Illuminate/Database/Query/Builder->get(Array)
#14 C:/Users/Stefano/Geo-Alert/vendor/laravel/framework/src/Illuminate/Database/Query/Builder.php(3476): Illuminate/Database/Query/Builder->first(Array)
#15 C:/Users/Stefano/Geo-Alert/vendor/laravel/framework/src/Illuminate/Session/DatabaseSessionHandler.php(96): Illuminate/Database/Query/Builder->find('W90gr5HzTODE0LA...')
#16 C:/Users/Stefano/Geo-Alert/vendor/laravel/framework/src/Illuminate/Session/Store.php(128): Illuminate/Session/DatabaseSessionHandler->read('W90gr5HzTODE0LA...')
#17 C:/Users/Stefano/Geo-Alert/vendor/laravel/framework/src/Illuminate/Session/Store.php(116): Illuminate/Session/Store->readFromHandler()
#18 C:/Users/Stefano/Geo-Alert/vendor/laravel/framework/src/Illuminate/Session/Store.php(100): Illuminate/Session/Store->loadSession()
#19 C:/Users/Stefano/Geo-Alert/vendor/laravel/framework/src/Illuminate/Session/Middleware/StartSession.php(146): Illuminate/Session/Store->start()
#20 C:/Users/Stefano/Geo-Alert/vendor/laravel/framework/src/Illuminate/Support/helpers.php(393): Illuminate/Session/Middleware/StartSession->{closure:Illuminate/Session/Middleware/StartSession::startSession():143}(Object(Illuminate/Session/Store))
#21 C:/Users/Stefano/Geo-Alert/vendor/laravel/framework/src/Illuminate/Session/Middleware/StartSession.php(143): tap(Object(Illuminate/Session/Store), Object(Closure))
#22 C:/Users/Stefano/Geo-Alert/vendor/laravel/framework/src/Illuminate/Session/Middleware/StartSession.php(115): Illuminate/Session/Middleware/StartSession->startSession(Object(Illuminate/Http/Request), Object(Illuminate/Session/Store))
#23 C:/Users/Stefano/Geo-Alert/vendor/laravel/framework/src/Illuminate/Session/Middleware/StartSession.php(63): Illuminate/Session/Middleware/StartSession->handleStatefulRequest(Object(Illuminate/Http/Request), Object(Illuminate/Session/Store), Object(Closure))
#24 C:/Users/Stefano/Geo-Alert/vendor/laravel/framework/src/Illuminate/Pipeline/Pipeline.php(219): Illuminate/Session/Middleware/StartSession->handle(Object(Illuminate/Http/Request), Object(Closure))
#25 C:/Users/Stefano/Geo-Alert/vendor/laravel/framework/src/Illuminate/Cookie/Middleware/AddQueuedCookiesToResponse.php(36): Illuminate/Pipeline/Pipeline->{closure:{closure:Illuminate/Pipeline/Pipeline::carry():194}:195}(Object(Illuminate/Http/Request))
#26 C:/Users/Stefano/Geo-Alert/vendor/laravel/framework/src/Illuminate/Pipeline/Pipeline.php(219): Illuminate/Cookie/Middleware/AddQueuedCookiesToResponse->handle(Object(Illuminate/Http/Request), Object(Closure))
#27 C:/Users/Stefano/Geo-Alert/vendor/laravel/framework/src/Illuminate/Cookie/Middleware/EncryptCookies.php(74): Illuminate/Pipeline/Pipeline->{closure:{closure:Illuminate/Pipeline/Pipeline::carry():194}:195}(Object(Illuminate/Http/Request))
#28 C:/Users/Stefano/Geo-Alert/vendor/laravel/framework/src/Illuminate/Pipeline/Pipeline.php(219): Illuminate/Cookie/Middleware/EncryptCookies->handle(Object(Illuminate/Http/Request), Object(Closure))
#29 C:/Users/Stefano/Geo-Alert/vendor/laravel/framework/src/Illuminate/Pipeline/Pipeline.php(137): Illuminate/Pipeline/Pipeline->{closure:{closure:Illuminate/Pipeline/Pipeline::carry():194}:195}(Object(Illuminate/Http/Request))
#30 C:/Users/Stefano/Geo-Alert/vendor/laravel/framework/src/Illuminate/Routing/Router.php(821): Illuminate/Pipeline/Pipeline->then(Object(Closure))
#31 C:/Users/Stefano/Geo-Alert/vendor/laravel/framework/src/Illuminate/Routing/Router.php(800): Illuminate/Routing/Router->runRouteWithinStack(Object(Illuminate/Routing/Route), Object(Illuminate/Http/Request))
#32 C:/Users/Stefano/Geo-Alert/vendor/laravel/framework/src/Illuminate/Routing/Router.php(764): Illuminate/Routing/Router->runRoute(Object(Illuminate/Http/Request), Object(Illuminate/Routing/Route))
#33 C:/Users/Stefano/Geo-Alert/vendor/laravel/framework/src/Illuminate/Routing/Router.php(753): Illuminate/Routing/Router->dispatchToRoute(Object(Illuminate/Http/Request))
#34 C:/Users/Stefano/Geo-Alert/vendor/laravel/framework/src/Illuminate/Foundation/Http/Kernel.php(200): Illuminate/Routing/Router->dispatch(Object(Illuminate/Http/Request))
#35 C:/Users/Stefano/Geo-Alert/vendor/laravel/framework/src/Illuminate/Pipeline/Pipeline.php(180): Illuminate/Foundation/Http/Kernel->{closure:Illuminate/Foundation/Http/Kernel::dispatchToRouter():197}(Object(Illuminate/Http/Request))
#36 C:/Users/Stefano/Geo-Alert/vendor/laravel/framework/src/Illuminate/Foundation/Http/Middleware/TransformsRequest.php(21): Illuminate/Pipeline/Pipeline->{closure:Illuminate/Pipeline/Pipeline::prepareDestination():178}(Object(Illuminate/Http/Request))
#37 C:/Users/Stefano/Geo-Alert/vendor/laravel/framework/src/Illuminate/Foundation/Http/Middleware/ConvertEmptyStringsToNull.php(31): Illuminate/Foundation/Http/Middleware/TransformsRequest->handle(Object(Illuminate/Http/Request), Object(Closure))
#38 C:/Users/Stefano/Geo-Alert/vendor/laravel/framework/src/Illuminate/Pipeline/Pipeline.php(219): Illuminate/Foundation/Http/Middleware/ConvertEmptyStringsToNull->handle(Object(Illuminate/Http/Request), Object(Closure))
#39 C:/Users/Stefano/Geo-Alert/vendor/laravel/framework/src/Illuminate/Foundation/Http/Middleware/TransformsRequest.php(21): Illuminate/Pipeline/Pipeline->{closure:{closure:Illuminate/Pipeline/Pipeline::carry():194}:195}(Object(Illuminate/Http/Request))
#40 C:/Users/Stefano/Geo-Alert/vendor/laravel/framework/src/Illuminate/Foundation/Http/Middleware/TrimStrings.php(51): Illuminate/Foundation/Http/Middleware/TransformsRequest->handle(Object(Illuminate/Http/Request), Object(Closure))
#41 C:/Users/Stefano/Geo-Alert/vendor/laravel/framework/src/Illuminate/Pipeline/Pipeline.php(219): Illuminate/Foundation/Http/Middleware/TrimStrings->handle(Object(Illuminate/Http/Request), Object(Closure))
#42 C:/Users/Stefano/Geo-Alert/vendor/laravel/framework/src/Illuminate/Http/Middleware/ValidatePostSize.php(27): Illuminate/Pipeline/Pipeline->{closure:{closure:Illuminate/Pipeline/Pipeline::carry():194}:195}(Object(Illuminate/Http/Request))
#43 C:/Users/Stefano/Geo-Alert/vendor/laravel/framework/src/Illuminate/Pipeline/Pipeline.php(219): Illuminate/Http/Middleware/ValidatePostSize->handle(Object(Illuminate/Http/Request), Object(Closure))
#44 C:/Users/Stefano/Geo-Alert/vendor/laravel/framework/src/Illuminate/Foundation/Http/Middleware/PreventRequestsDuringMaintenance.php(109): Illuminate/Pipeline/Pipeline->{closure:{closure:Illuminate/Pipeline/Pipeline::carry():194}:195}(Object(Illuminate/Http/Request))
#45 C:/Users/Stefano/Geo-Alert/vendor/laravel/framework/src/Illuminate/Pipeline/Pipeline.php(219): Illuminate/Foundation/Http/Middleware/PreventRequestsDuringMaintenance->handle(Object(Illuminate/Http/Request), Object(Closure))
#46 C:/Users/Stefano/Geo-Alert/vendor/laravel/framework/src/Illuminate/Http/Middleware/HandleCors.php(61): Illuminate/Pipeline/Pipeline->{closure:{closure:Illuminate/Pipeline/Pipeline::carry():194}:195}(Object(Illuminate/Http/Request))
#47 C:/Users/Stefano/Geo-Alert/vendor/laravel/framework/src/Illuminate/Pipeline/Pipeline.php(219): Illuminate/Http/Middleware/HandleCors->handle(Object(Illuminate/Http/Request), Object(Closure))
#48 C:/Users/Stefano/Geo-Alert/vendor/laravel/framework/src/Illuminate/Http/Middleware/TrustProxies.php(58): Illuminate/Pipeline/Pipeline->{closure:{closure:Illuminate/Pipeline/Pipeline::carry():194}:195}(Object(Illuminate/Http/Request))
#49 C:/Users/Stefano/Geo-Alert/vendor/laravel/framework/src/Illuminate/Pipeline/Pipeline.php(219): Illuminate/Http/Middleware/TrustProxies->handle(Object(Illuminate/Http/Request), Object(Closure))
#50 C:/Users/Stefano/Geo-Alert/vendor/laravel/framework/src/Illuminate/Foundation/Http/Middleware/InvokeDeferredCallbacks.php(22): Illuminate/Pipeline/Pipeline->{closure:{closure:Illuminate/Pipeline/Pipeline::carry():194}:195}(Object(Illuminate/Http/Request))
#51 C:/Users/Stefano/Geo-Alert/vendor/laravel/framework/src/Illuminate/Pipeline/Pipeline.php(219): Illuminate/Foundation/Http/Middleware/InvokeDeferredCallbacks->handle(Object(Illuminate/Http/Request), Object(Closure))
#52 C:/Users/Stefano/Geo-Alert/vendor/laravel/framework/src/Illuminate/Http/Middleware/ValidatePathEncoding.php(28): Illuminate/Pipeline/Pipeline->{closure:{closure:Illuminate/Pipeline/Pipeline::carry():194}:195}(Object(Illuminate/Http/Request))
#53 C:/Users/Stefano/Geo-Alert/vendor/laravel/framework/src/Illuminate/Pipeline/Pipeline.php(219): Illuminate/Http/Middleware/ValidatePathEncoding->handle(Object(Illuminate/Http/Request), Object(Closure))
#54 C:/Users/Stefano/Geo-Alert/vendor/laravel/framework/src/Illuminate/Pipeline/Pipeline.php(137): Illuminate/Pipeline/Pipeline->{closure:{closure:Illuminate/Pipeline/Pipeline::carry():194}:195}(Object(Illuminate/Http/Request))
#55 C:/Users/Stefano/Geo-Alert/vendor/laravel/framework/src/Illuminate/Foundation/Http/Kernel.php(175): Illuminate/Pipeline/Pipeline->then(Object(Closure))
#56 C:/Users/Stefano/Geo-Alert/vendor/laravel/framework/src/Illuminate/Foundation/Http/Kernel.php(144): Illuminate/Foundation/Http/Kernel->sendRequestThroughRouter(Object(Illuminate/Http/Request))
#57 C:/Users/Stefano/Geo-Alert/vendor/laravel/framework/src/Illuminate/Foundation/Application.php(1227): Illuminate/Foundation/Http/Kernel->handle(Object(Illuminate/Http/Request))
#58 C:/Users/Stefano/Geo-Alert/public/index.php(20): Illuminate/Foundation/Application->handleRequest(Object(Illuminate/Http/Request))
#59 C:/Users/Stefano/Geo-Alert/vendor/laravel/framework/src/Illuminate/Foundation/resources/server.php(23): require_once('C://Users//Stefan...')
#60 {main}
"} 
[2026-08-07 02:55:58] local.ERROR: SQLSTATE[HY000]: General error: 1 no such table: sessions (Connection: sqlite, Database: C:\Users\Stefano\Geo-Alert\database\database.sqlite, SQL: select * from "sessions" where "id" = 3O4qXS6wvSonl4D0hGX6W0MkWv9OPb7W951S20Ut limit 1) {"exception":"[object] (Illuminate\\Database\\QueryException(code: HY000): SQLSTATE[HY000]: General error: 1 no such table: sessions (Connection: sqlite, Database: C:\\Users\\Stefano\\Geo-Alert\\database\\database.sqlite, SQL: select * from \"sessions\" where \"id\" = 3O4qXS6wvSonl4D0hGX6W0MkWv9OPb7W951S20Ut limit 1) at C:/Users/Stefano/Geo-Alert/vendor/laravel/framework/src/Illuminate/Database/Connection.php:857)
[stacktrace]
#0 C:/Users/Stefano/Geo-Alert/vendor/laravel/framework/src/Illuminate/Database/Connection.php(813): Illuminate/Database/Connection->runQueryCallback('select * from \"...', Array, Object(Closure))
#1 C:/Users/Stefano/Geo-Alert/vendor/laravel/framework/src/Illuminate/Database/Connection.php(426): Illuminate/Database/Connection->run('select * from \"...', Array, Object(Closure))
#2 C:/Users/Stefano/Geo-Alert/vendor/laravel/framework/src/Illuminate/Database/Query/Builder.php(3574): Illuminate/Database/Connection->select('select * from \"...', Array, false, Array)
#3 C:/Users/Stefano/Geo-Alert/vendor/laravel/framework/src/Illuminate/Database/Query/Builder.php(3558): Illuminate/Database/Query/Builder->runSelect()
#4 C:/Users/Stefano/Geo-Alert/vendor/laravel/framework/src/Illuminate/Database/Concerns/BuildsQueries.php(366): Illuminate/Database/Query/Builder->get(Array)
#5 C:/Users/Stefano/Geo-Alert/vendor/laravel/framework/src/Illuminate/Database/Query/Builder.php(3476): Illuminate/Database/Query/Builder->first(Array)
#6 C:/Users/Stefano/Geo-Alert/vendor/laravel/framework/src/Illuminate/Session/DatabaseSessionHandler.php(96): Illuminate/Database/Query/Builder->find('3O4qXS6wvSonl4D...')
#7 C:/Users/Stefano/Geo-Alert/vendor/laravel/framework/src/Illuminate/Session/Store.php(128): Illuminate/Session/DatabaseSessionHandler->read('3O4qXS6wvSonl4D...')
#8 C:/Users/Stefano/Geo-Alert/vendor/laravel/framework/src/Illuminate/Session/Store.php(116): Illuminate/Session/Store->readFromHandler()
#9 C:/Users/Stefano/Geo-Alert/vendor/laravel/framework/src/Illuminate/Session/Store.php(100): Illuminate/Session/Store->loadSession()
#10 C:/Users/Stefano/Geo-Alert/vendor/laravel/framework/src/Illuminate/Session/Middleware/StartSession.php(146): Illuminate/Session/Store->start()
#11 C:/Users/Stefano/Geo-Alert/vendor/laravel/framework/src/Illuminate/Support/helpers.php(393): Illuminate/Session/Middleware/StartSession->{closure:Illuminate/Session/Middleware/StartSession::startSession():143}(Object(Illuminate/Session/Store))
#12 C:/Users/Stefano/Geo-Alert/vendor/laravel/framework/src/Illuminate/Session/Middleware/StartSession.php(143): tap(Object(Illuminate/Session/Store), Object(Closure))
#13 C:/Users/Stefano/Geo-Alert/vendor/laravel/framework/src/Illuminate/Session/Middleware/StartSession.php(115): Illuminate/Session/Middleware/StartSession->startSession(Object(Illuminate/Http/Request), Object(Illuminate/Session/Store))
#14 C:/Users/Stefano/Geo-Alert/vendor/laravel/framework/src/Illuminate/Session/Middleware/StartSession.php(63): Illuminate/Session/Middleware/StartSession->handleStatefulRequest(Object(Illuminate/Http/Request), Object(Illuminate/Session/Store), Object(Closure))
#15 C:/Users/Stefano/Geo-Alert/vendor/laravel/framework/src/Illuminate/Pipeline/Pipeline.php(219): Illuminate/Session/Middleware/StartSession->handle(Object(Illuminate/Http/Request), Object(Closure))
#16 C:/Users/Stefano/Geo-Alert/vendor/laravel/framework/src/Illuminate/Cookie/Middleware/AddQueuedCookiesToResponse.php(36): Illuminate/Pipeline/Pipeline->{closure:{closure:Illuminate/Pipeline/Pipeline::carry():194}:195}(Object(Illuminate/Http/Request))
#17 C:/Users/Stefano/Geo-Alert/vendor/laravel/framework/src/Illuminate/Pipeline/Pipeline.php(219): Illuminate/Cookie/Middleware/AddQueuedCookiesToResponse->handle(Object(Illuminate/Http/Request), Object(Closure))
#18 C:/Users/Stefano/Geo-Alert/vendor/laravel/framework/src/Illuminate/Cookie/Middleware/EncryptCookies.php(74): Illuminate/Pipeline/Pipeline->{closure:{closure:Illuminate/Pipeline/Pipeline::carry():194}:195}(Object(Illuminate/Http/Request))
#19 C:/Users/Stefano/Geo-Alert/vendor/laravel/framework/src/Illuminate/Pipeline/Pipeline.php(219): Illuminate/Cookie/Middleware/EncryptCookies->handle(Object(Illuminate/Http/Request), Object(Closure))
#20 C:/Users/Stefano/Geo-Alert/vendor/laravel/framework/src/Illuminate/Pipeline/Pipeline.php(137): Illuminate/Pipeline/Pipeline->{closure:{closure:Illuminate/Pipeline/Pipeline::carry():194}:195}(Object(Illuminate/Http/Request))
#21 C:/Users/Stefano/Geo-Alert/vendor/laravel/framework/src/Illuminate/Routing/Router.php(821): Illuminate/Pipeline/Pipeline->then(Object(Closure))
#22 C:/Users/Stefano/Geo-Alert/vendor/laravel/framework/src/Illuminate/Routing/Router.php(800): Illuminate/Routing/Router->runRouteWithinStack(Object(Illuminate/Routing/Route), Object(Illuminate/Http/Request))
#23 C:/Users/Stefano/Geo-Alert/vendor/laravel/framework/src/Illuminate/Routing/Router.php(764): Illuminate/Routing/Router->runRoute(Object(Illuminate/Http/Request), Object(Illuminate/Routing/Route))
#24 C:/Users/Stefano/Geo-Alert/vendor/laravel/framework/src/Illuminate/Routing/Router.php(753): Illuminate/Routing/Router->dispatchToRoute(Object(Illuminate/Http/Request))
#25 C:/Users/Stefano/Geo-Alert/vendor/laravel/framework/src/Illuminate/Foundation/Http/Kernel.php(200): Illuminate/Routing/Router->dispatch(Object(Illuminate/Http/Request))
#26 C:/Users/Stefano/Geo-Alert/vendor/laravel/framework/src/Illuminate/Pipeline/Pipeline.php(180): Illuminate/Foundation/Http/Kernel->{closure:Illuminate/Foundation/Http/Kernel::dispatchToRouter():197}(Object(Illuminate/Http/Request))
#27 C:/Users/Stefano/Geo-Alert/vendor/laravel/framework/src/Illuminate/Foundation/Http/Middleware/TransformsRequest.php(21): Illuminate/Pipeline/Pipeline->{closure:Illuminate/Pipeline/Pipeline::prepareDestination():178}(Object(Illuminate/Http/Request))
#28 C:/Users/Stefano/Geo-Alert/vendor/laravel/framework/src/Illuminate/Foundation/Http/Middleware/ConvertEmptyStringsToNull.php(31): Illuminate/Foundation/Http/Middleware/TransformsRequest->handle(Object(Illuminate/Http/Request), Object(Closure))
#29 C:/Users/Stefano/Geo-Alert/vendor/laravel/framework/src/Illuminate/Pipeline/Pipeline.php(219): Illuminate/Foundation/Http/Middleware/ConvertEmptyStringsToNull->handle(Object(Illuminate/Http/Request), Object(Closure))
#30 C:/Users/Stefano/Geo-Alert/vendor/laravel/framework/src/Illuminate/Foundation/Http/Middleware/TransformsRequest.php(21): Illuminate/Pipeline/Pipeline->{closure:{closure:Illuminate/Pipeline/Pipeline::carry():194}:195}(Object(Illuminate/Http/Request))
#31 C:/Users/Stefano/Geo-Alert/vendor/laravel/framework/src/Illuminate/Foundation/Http/Middleware/TrimStrings.php(51): Illuminate/Foundation/Http/Middleware/TransformsRequest->handle(Object(Illuminate/Http/Request), Object(Closure))
#32 C:/Users/Stefano/Geo-Alert/vendor/laravel/framework/src/Illuminate/Pipeline/Pipeline.php(219): Illuminate/Foundation/Http/Middleware/TrimStrings->handle(Object(Illuminate/Http/Request), Object(Closure))
#33 C:/Users/Stefano/Geo-Alert/vendor/laravel/framework/src/Illuminate/Http/Middleware/ValidatePostSize.php(27): Illuminate/Pipeline/Pipeline->{closure:{closure:Illuminate/Pipeline/Pipeline::carry():194}:195}(Object(Illuminate/Http/Request))
#34 C:/Users/Stefano/Geo-Alert/vendor/laravel/framework/src/Illuminate/Pipeline/Pipeline.php(219): Illuminate/Http/Middleware/ValidatePostSize->handle(Object(Illuminate/Http/Request), Object(Closure))
#35 C:/Users/Stefano/Geo-Alert/vendor/laravel/framework/src/Illuminate/Foundation/Http/Middleware/PreventRequestsDuringMaintenance.php(109): Illuminate/Pipeline/Pipeline->{closure:{closure:Illuminate/Pipeline/Pipeline::carry():194}:195}(Object(Illuminate/Http/Request))
#36 C:/Users/Stefano/Geo-Alert/vendor/laravel/framework/src/Illuminate/Pipeline/Pipeline.php(219): Illuminate/Foundation/Http/Middleware/PreventRequestsDuringMaintenance->handle(Object(Illuminate/Http/Request), Object(Closure))
#37 C:/Users/Stefano/Geo-Alert/vendor/laravel/framework/src/Illuminate/Http/Middleware/HandleCors.php(61): Illuminate/Pipeline/Pipeline->{closure:{closure:Illuminate/Pipeline/Pipeline::carry():194}:195}(Object(Illuminate/Http/Request))
#38 C:/Users/Stefano/Geo-Alert/vendor/laravel/framework/src/Illuminate/Pipeline/Pipeline.php(219): Illuminate/Http/Middleware/HandleCors->handle(Object(Illuminate/Http/Request), Object(Closure))
#39 C:/Users/Stefano/Geo-Alert/vendor/laravel/framework/src/Illuminate/Http/Middleware/TrustProxies.php(58): Illuminate/Pipeline/Pipeline->{closure:{closure:Illuminate/Pipeline/Pipeline::carry():194}:195}(Object(Illuminate/Http/Request))
#40 C:/Users/Stefano/Geo-Alert/vendor/laravel/framework/src/Illuminate/Pipeline/Pipeline.php(219): Illuminate/Http/Middleware/TrustProxies->handle(Object(Illuminate/Http/Request), Object(Closure))
#41 C:/Users/Stefano/Geo-Alert/vendor/laravel/framework/src/Illuminate/Foundation/Http/Middleware/InvokeDeferredCallbacks.php(22): Illuminate/Pipeline/Pipeline->{closure:{closure:Illuminate/Pipeline/Pipeline::carry():194}:195}(Object(Illuminate/Http/Request))
#42 C:/Users/Stefano/Geo-Alert/vendor/laravel/framework/src/Illuminate/Pipeline/Pipeline.php(219): Illuminate/Foundation/Http/Middleware/InvokeDeferredCallbacks->handle(Object(Illuminate/Http/Request), Object(Closure))
#43 C:/Users/Stefano/Geo-Alert/vendor/laravel/framework/src/Illuminate/Http/Middleware/ValidatePathEncoding.php(28): Illuminate/Pipeline/Pipeline->{closure:{closure:Illuminate/Pipeline/Pipeline::carry():194}:195}(Object(Illuminate/Http/Request))
#44 C:/Users/Stefano/Geo-Alert/vendor/laravel/framework/src/Illuminate/Pipeline/Pipeline.php(219): Illuminate/Http/Middleware/ValidatePathEncoding->handle(Object(Illuminate/Http/Request), Object(Closure))
#45 C:/Users/Stefano/Geo-Alert/vendor/laravel/framework/src/Illuminate/Pipeline/Pipeline.php(137): Illuminate/Pipeline/Pipeline->{closure:{closure:Illuminate/Pipeline/Pipeline::carry():194}:195}(Object(Illuminate/Http/Request))
#46 C:/Users/Stefano/Geo-Alert/vendor/laravel/framework/src/Illuminate/Foundation/Http/Kernel.php(175): Illuminate/Pipeline/Pipeline->then(Object(Closure))
#47 C:/Users/Stefano/Geo-Alert/vendor/laravel/framework/src/Illuminate/Foundation/Http/Kernel.php(144): Illuminate/Foundation/Http/Kernel->sendRequestThroughRouter(Object(Illuminate/Http/Request))
#48 C:/Users/Stefano/Geo-Alert/vendor/laravel/framework/src/Illuminate/Foundation/Application.php(1227): Illuminate/Foundation/Http/Kernel->handle(Object(Illuminate/Http/Request))
#49 C:/Users/Stefano/Geo-Alert/public/index.php(20): Illuminate/Foundation/Application->handleRequest(Object(Illuminate/Http/Request))
#50 C:/Users/Stefano/Geo-Alert/vendor/laravel/framework/src/Illuminate/Foundation/resources/server.php(23): require_once('C://Users//Stefan...')
#51 {main}

[previous exception] [object] (PDOException(code: HY000): SQLSTATE[HY000]: General error: 1 no such table: sessions at C:/Users/Stefano/Geo-Alert/vendor/laravel/framework/src/Illuminate/Database/Connection.php:435)
[stacktrace]
#0 C:/Users/Stefano/Geo-Alert/vendor/laravel/framework/src/Illuminate/Database/Connection.php(435): PDO->prepare('select * from \"...')
#1 C:/Users/Stefano/Geo-Alert/vendor/laravel/framework/src/Illuminate/Database/Connection.php(846): Illuminate/Database/Connection->{closure:Illuminate/Database/Connection::select():426}('select * from \"...', Array)
#2 C:/Users/Stefano/Geo-Alert/vendor/laravel/framework/src/Illuminate/Database/Connection.php(813): Illuminate/Database/Connection->runQueryCallback('select * from \"...', Array, Object(Closure))
#3 C:/Users/Stefano/Geo-Alert/vendor/laravel/framework/src/Illuminate/Database/Connection.php(426): Illuminate/Database/Connection->run('select * from \"...', Array, Object(Closure))
#4 C:/Users/Stefano/Geo-Alert/vendor/laravel/framework/src/Illuminate/Database/Query/Builder.php(3574): Illuminate/Database/Connection->select('select * from \"...', Array, false, Array)
#5 C:/Users/Stefano/Geo-Alert/vendor/laravel/framework/src/Illuminate/Database/Query/Builder.php(3558): Illuminate/Database/Query/Builder->runSelect()
#6 C:/Users/Stefano/Geo-Alert/vendor/laravel/framework/src/Illuminate/Database/Concerns/BuildsQueries.php(366): Illuminate/Database/Query/Builder->get(Array)
#7 C:/Users/Stefano/Geo-Alert/vendor/laravel/framework/src/Illuminate/Database/Query/Builder.php(3476): Illuminate/Database/Query/Builder->first(Array)
#8 C:/Users/Stefano/Geo-Alert/vendor/laravel/framework/src/Illuminate/Session/DatabaseSessionHandler.php(96): Illuminate/Database/Query/Builder->find('3O4qXS6wvSonl4D...')
#9 C:/Users/Stefano/Geo-Alert/vendor/laravel/framework/src/Illuminate/Session/Store.php(128): Illuminate/Session/DatabaseSessionHandler->read('3O4qXS6wvSonl4D...')
#10 C:/Users/Stefano/Geo-Alert/vendor/laravel/framework/src/Illuminate/Session/Store.php(116): Illuminate/Session/Store->readFromHandler()
#11 C:/Users/Stefano/Geo-Alert/vendor/laravel/framework/src/Illuminate/Session/Store.php(100): Illuminate/Session/Store->loadSession()
#12 C:/Users/Stefano/Geo-Alert/vendor/laravel/framework/src/Illuminate/Session/Middleware/StartSession.php(146): Illuminate/Session/Store->start()
#13 C:/Users/Stefano/Geo-Alert/vendor/laravel/framework/src/Illuminate/Support/helpers.php(393): Illuminate/Session/Middleware/StartSession->{closure:Illuminate/Session/Middleware/StartSession::startSession():143}(Object(Illuminate/Session/Store))
#14 C:/Users/Stefano/Geo-Alert/vendor/laravel/framework/src/Illuminate/Session/Middleware/StartSession.php(143): tap(Object(Illuminate/Session/Store), Object(Closure))
#15 C:/Users/Stefano/Geo-Alert/vendor/laravel/framework/src/Illuminate/Session/Middleware/StartSession.php(115): Illuminate/Session/Middleware/StartSession->startSession(Object(Illuminate/Http/Request), Object(Illuminate/Session/Store))
#16 C:/Users/Stefano/Geo-Alert/vendor/laravel/framework/src/Illuminate/Session/Middleware/StartSession.php(63): Illuminate/Session/Middleware/StartSession->handleStatefulRequest(Object(Illuminate/Http/Request), Object(Illuminate/Session/Store), Object(Closure))
#17 C:/Users/Stefano/Geo-Alert/vendor/laravel/framework/src/Illuminate/Pipeline/Pipeline.php(219): Illuminate/Session/Middleware/StartSession->handle(Object(Illuminate/Http/Request), Object(Closure))
#18 C:/Users/Stefano/Geo-Alert/vendor/laravel/framework/src/Illuminate/Cookie/Middleware/AddQueuedCookiesToResponse.php(36): Illuminate/Pipeline/Pipeline->{closure:{closure:Illuminate/Pipeline/Pipeline::carry():194}:195}(Object(Illuminate/Http/Request))
#19 C:/Users/Stefano/Geo-Alert/vendor/laravel/framework/src/Illuminate/Pipeline/Pipeline.php(219): Illuminate/Cookie/Middleware/AddQueuedCookiesToResponse->handle(Object(Illuminate/Http/Request), Object(Closure))
#20 C:/Users/Stefano/Geo-Alert/vendor/laravel/framework/src/Illuminate/Cookie/Middleware/EncryptCookies.php(74): Illuminate/Pipeline/Pipeline->{closure:{closure:Illuminate/Pipeline/Pipeline::carry():194}:195}(Object(Illuminate/Http/Request))
#21 C:/Users/Stefano/Geo-Alert/vendor/laravel/framework/src/Illuminate/Pipeline/Pipeline.php(219): Illuminate/Cookie/Middleware/EncryptCookies->handle(Object(Illuminate/Http/Request), Object(Closure))
#22 C:/Users/Stefano/Geo-Alert/vendor/laravel/framework/src/Illuminate/Pipeline/Pipeline.php(137): Illuminate/Pipeline/Pipeline->{closure:{closure:Illuminate/Pipeline/Pipeline::carry():194}:195}(Object(Illuminate/Http/Request))
#23 C:/Users/Stefano/Geo-Alert/vendor/laravel/framework/src/Illuminate/Routing/Router.php(821): Illuminate/Pipeline/Pipeline->then(Object(Closure))
#24 C:/Users/Stefano/Geo-Alert/vendor/laravel/framework/src/Illuminate/Routing/Router.php(800): Illuminate/Routing/Router->runRouteWithinStack(Object(Illuminate/Routing/Route), Object(Illuminate/Http/Request))
#25 C:/Users/Stefano/Geo-Alert/vendor/laravel/framework/src/Illuminate/Routing/Router.php(764): Illuminate/Routing/Router->runRoute(Object(Illuminate/Http/Request), Object(Illuminate/Routing/Route))
#26 C:/Users/Stefano/Geo-Alert/vendor/laravel/framework/src/Illuminate/Routing/Router.php(753): Illuminate/Routing/Router->dispatchToRoute(Object(Illuminate/Http/Request))
#27 C:/Users/Stefano/Geo-Alert/vendor/laravel/framework/src/Illuminate/Foundation/Http/Kernel.php(200): Illuminate/Routing/Router->dispatch(Object(Illuminate/Http/Request))
#28 C:/Users/Stefano/Geo-Alert/vendor/laravel/framework/src/Illuminate/Pipeline/Pipeline.php(180): Illuminate/Foundation/Http/Kernel->{closure:Illuminate/Foundation/Http/Kernel::dispatchToRouter():197}(Object(Illuminate/Http/Request))
#29 C:/Users/Stefano/Geo-Alert/vendor/laravel/framework/src/Illuminate/Foundation/Http/Middleware/TransformsRequest.php(21): Illuminate/Pipeline/Pipeline->{closure:Illuminate/Pipeline/Pipeline::prepareDestination():178}(Object(Illuminate/Http/Request))
#30 C:/Users/Stefano/Geo-Alert/vendor/laravel/framework/src/Illuminate/Foundation/Http/Middleware/ConvertEmptyStringsToNull.php(31): Illuminate/Foundation/Http/Middleware/TransformsRequest->handle(Object(Illuminate/Http/Request), Object(Closure))
#31 C:/Users/Stefano/Geo-Alert/vendor/laravel/framework/src/Illuminate/Pipeline/Pipeline.php(219): Illuminate/Foundation/Http/Middleware/ConvertEmptyStringsToNull->handle(Object(Illuminate/Http/Request), Object(Closure))
#32 C:/Users/Stefano/Geo-Alert/vendor/laravel/framework/src/Illuminate/Foundation/Http/Middleware/TransformsRequest.php(21): Illuminate/Pipeline/Pipeline->{closure:{closure:Illuminate/Pipeline/Pipeline::carry():194}:195}(Object(Illuminate/Http/Request))
#33 C:/Users/Stefano/Geo-Alert/vendor/laravel/framework/src/Illuminate/Foundation/Http/Middleware/TrimStrings.php(51): Illuminate/Foundation/Http/Middleware/TransformsRequest->handle(Object(Illuminate/Http/Request), Object(Closure))
#34 C:/Users/Stefano/Geo-Alert/vendor/laravel/framework/src/Illuminate/Pipeline/Pipeline.php(219): Illuminate/Foundation/Http/Middleware/TrimStrings->handle(Object(Illuminate/Http/Request), Object(Closure))
#35 C:/Users/Stefano/Geo-Alert/vendor/laravel/framework/src/Illuminate/Http/Middleware/ValidatePostSize.php(27): Illuminate/Pipeline/Pipeline->{closure:{closure:Illuminate/Pipeline/Pipeline::carry():194}:195}(Object(Illuminate/Http/Request))
#36 C:/Users/Stefano/Geo-Alert/vendor/laravel/framework/src/Illuminate/Pipeline/Pipeline.php(219): Illuminate/Http/Middleware/ValidatePostSize->handle(Object(Illuminate/Http/Request), Object(Closure))
#37 C:/Users/Stefano/Geo-Alert/vendor/laravel/framework/src/Illuminate/Foundation/Http/Middleware/PreventRequestsDuringMaintenance.php(109): Illuminate/Pipeline/Pipeline->{closure:{closure:Illuminate/Pipeline/Pipeline::carry():194}:195}(Object(Illuminate/Http/Request))
#38 C:/Users/Stefano/Geo-Alert/vendor/laravel/framework/src/Illuminate/Pipeline/Pipeline.php(219): Illuminate/Foundation/Http/Middleware/PreventRequestsDuringMaintenance->handle(Object(Illuminate/Http/Request), Object(Closure))
#39 C:/Users/Stefano/Geo-Alert/vendor/laravel/framework/src/Illuminate/Http/Middleware/HandleCors.php(61): Illuminate/Pipeline/Pipeline->{closure:{closure:Illuminate/Pipeline/Pipeline::carry():194}:195}(Object(Illuminate/Http/Request))
#40 C:/Users/Stefano/Geo-Alert/vendor/laravel/framework/src/Illuminate/Pipeline/Pipeline.php(219): Illuminate/Http/Middleware/HandleCors->handle(Object(Illuminate/Http/Request), Object(Closure))
#41 C:/Users/Stefano/Geo-Alert/vendor/laravel/framework/src/Illuminate/Http/Middleware/TrustProxies.php(58): Illuminate/Pipeline/Pipeline->{closure:{closure:Illuminate/Pipeline/Pipeline::carry():194}:195}(Object(Illuminate/Http/Request))
#42 C:/Users/Stefano/Geo-Alert/vendor/laravel/framework/src/Illuminate/Pipeline/Pipeline.php(219): Illuminate/Http/Middleware/TrustProxies->handle(Object(Illuminate/Http/Request), Object(Closure))
#43 C:/Users/Stefano/Geo-Alert/vendor/laravel/framework/src/Illuminate/Foundation/Http/Middleware/InvokeDeferredCallbacks.php(22): Illuminate/Pipeline/Pipeline->{closure:{closure:Illuminate/Pipeline/Pipeline::carry():194}:195}(Object(Illuminate/Http/Request))
#44 C:/Users/Stefano/Geo-Alert/vendor/laravel/framework/src/Illuminate/Pipeline/Pipeline.php(219): Illuminate/Foundation/Http/Middleware/InvokeDeferredCallbacks->handle(Object(Illuminate/Http/Request), Object(Closure))
#45 C:/Users/Stefano/Geo-Alert/vendor/laravel/framework/src/Illuminate/Http/Middleware/ValidatePathEncoding.php(28): Illuminate/Pipeline/Pipeline->{closure:{closure:Illuminate/Pipeline/Pipeline::carry():194}:195}(Object(Illuminate/Http/Request))
#46 C:/Users/Stefano/Geo-Alert/vendor/laravel/framework/src/Illuminate/Pipeline/Pipeline.php(219): Illuminate/Http/Middleware/ValidatePathEncoding->handle(Object(Illuminate/Http/Request), Object(Closure))
#47 C:/Users/Stefano/Geo-Alert/vendor/laravel/framework/src/Illuminate/Pipeline/Pipeline.php(137): Illuminate/Pipeline/Pipeline->{closure:{closure:Illuminate/Pipeline/Pipeline::carry():194}:195}(Object(Illuminate/Http/Request))
#48 C:/Users/Stefano/Geo-Alert/vendor/laravel/framework/src/Illuminate/Foundation/Http/Kernel.php(175): Illuminate/Pipeline/Pipeline->then(Object(Closure))
#49 C:/Users/Stefano/Geo-Alert/vendor/laravel/framework/src/Illuminate/Foundation/Http/Kernel.php(144): Illuminate/Foundation/Http/Kernel->sendRequestThroughRouter(Object(Illuminate/Http/Request))
#50 C:/Users/Stefano/Geo-Alert/vendor/laravel/framework/src/Illuminate/Foundation/Application.php(1227): Illuminate/Foundation/Http/Kernel->handle(Object(Illuminate/Http/Request))
#51 C:/Users/Stefano/Geo-Alert/public/index.php(20): Illuminate/Foundation/Application->handleRequest(Object(Illuminate/Http/Request))
#52 C:/Users/Stefano/Geo-Alert/vendor/laravel/framework/src/Illuminate/Foundation/resources/server.php(23): require_once('C://Users//Stefan...')
#53 {main}
"} 
[2026-08-07 04:02:24] local.ERROR: Vite manifest not found at: C:\Users\Stefano\Geo-Alert\public\build/manifest.json (View: C:\Users\Stefano\Geo-Alert\resources\views\welcome.blade.php) {"exception":"[object] (Illuminate\\View\\ViewException(code: 0): Vite manifest not found at: C:\\Users\\Stefano\\Geo-Alert\\public\\build/manifest.json (View: C:\\Users\\Stefano\\Geo-Alert\\resources\\views\\welcome.blade.php) at C:/Users/Stefano/Geo-Alert/vendor/laravel/framework/src/Illuminate/Foundation/Vite.php:960)
[stacktrace]
#0 C:/Users/Stefano/Geo-Alert/vendor/laravel/framework/src/Illuminate/View/Engines/PhpEngine.php(59): Illuminate/View/Engines/CompilerEngine->handleViewException(Object(Illuminate/Foundation/ViteManifestNotFoundException), 1)
#1 C:/Users/Stefano/Geo-Alert/vendor/laravel/framework/src/Illuminate/View/Engines/CompilerEngine.php(76): Illuminate/View/Engines/PhpEngine->evaluatePath('C://Users//Stefan...', Array)
#2 C:/Users/Stefano/Geo-Alert/vendor/laravel/framework/src/Illuminate/View/View.php(208): Illuminate/View/Engines/CompilerEngine->get('C://Users//Stefan...', Array)
#3 C:/Users/Stefano/Geo-Alert/vendor/laravel/framework/src/Illuminate/View/View.php(191): Illuminate/View/View->getContents()
#4 C:/Users/Stefano/Geo-Alert/vendor/laravel/framework/src/Illuminate/View/View.php(160): Illuminate/View/View->renderContents()
#5 C:/Users/Stefano/Geo-Alert/vendor/laravel/framework/src/Illuminate/Http/Response.php(82): Illuminate/View/View->render()
#6 C:/Users/Stefano/Geo-Alert/vendor/laravel/framework/src/Illuminate/Http/Response.php(40): Illuminate/Http/Response->setContent(Object(Illuminate/View/View))
#7 C:/Users/Stefano/Geo-Alert/vendor/laravel/framework/src/Illuminate/Routing/Router.php(939): Illuminate/Http/Response->__construct(Object(Illuminate/View/View), 200, Array)
#8 C:/Users/Stefano/Geo-Alert/vendor/laravel/framework/src/Illuminate/Routing/Router.php(906): Illuminate/Routing/Router::toResponse(Object(Illuminate/Http/Request), Object(Illuminate/View/View))
#9 C:/Users/Stefano/Geo-Alert/vendor/laravel/framework/src/Illuminate/Routing/Router.php(821): Illuminate/Routing/Router->prepareResponse(Object(Illuminate/Http/Request), Object(Illuminate/View/View))
#10 C:/Users/Stefano/Geo-Alert/vendor/laravel/framework/src/Illuminate/Pipeline/Pipeline.php(180): Illuminate/Routing/Router->{closure:Illuminate/Routing/Router::runRouteWithinStack():821}(Object(Illuminate/Http/Request))
#11 C:/Users/Stefano/Geo-Alert/vendor/laravel/framework/src/Illuminate/Routing/Middleware/SubstituteBindings.php(52): Illuminate/Pipeline/Pipeline->{closure:Illuminate/Pipeline/Pipeline::prepareDestination():178}(Object(Illuminate/Http/Request))
#12 C:/Users/Stefano/Geo-Alert/vendor/laravel/framework/src/Illuminate/Pipeline/Pipeline.php(219): Illuminate/Routing/Middleware/SubstituteBindings->handle(Object(Illuminate/Http/Request), Object(Closure))
#13 C:/Users/Stefano/Geo-Alert/vendor/laravel/framework/src/Illuminate/Foundation/Http/Middleware/PreventRequestForgery.php(104): Illuminate/Pipeline/Pipeline->{closure:{closure:Illuminate/Pipeline/Pipeline::carry():194}:195}(Object(Illuminate/Http/Request))
#14 C:/Users/Stefano/Geo-Alert/vendor/laravel/framework/src/Illuminate/Pipeline/Pipeline.php(219): Illuminate/Foundation/Http/Middleware/PreventRequestForgery->handle(Object(Illuminate/Http/Request), Object(Closure))
#15 C:/Users/Stefano/Geo-Alert/vendor/laravel/framework/src/Illuminate/View/Middleware/ShareErrorsFromSession.php(48): Illuminate/Pipeline/Pipeline->{closure:{closure:Illuminate/Pipeline/Pipeline::carry():194}:195}(Object(Illuminate/Http/Request))
#16 C:/Users/Stefano/Geo-Alert/vendor/laravel/framework/src/Illuminate/Pipeline/Pipeline.php(219): Illuminate/View/Middleware/ShareErrorsFromSession->handle(Object(Illuminate/Http/Request), Object(Closure))
#17 C:/Users/Stefano/Geo-Alert/vendor/laravel/framework/src/Illuminate/Session/Middleware/StartSession.php(120): Illuminate/Pipeline/Pipeline->{closure:{closure:Illuminate/Pipeline/Pipeline::carry():194}:195}(Object(Illuminate/Http/Request))
#18 C:/Users/Stefano/Geo-Alert/vendor/laravel/framework/src/Illuminate/Session/Middleware/StartSession.php(63): Illuminate/Session/Middleware/StartSession->handleStatefulRequest(Object(Illuminate/Http/Request), Object(Illuminate/Session/Store), Object(Closure))
#19 C:/Users/Stefano/Geo-Alert/vendor/laravel/framework/src/Illuminate/Pipeline/Pipeline.php(219): Illuminate/Session/Middleware/StartSession->handle(Object(Illuminate/Http/Request), Object(Closure))
#20 C:/Users/Stefano/Geo-Alert/vendor/laravel/framework/src/Illuminate/Cookie/Middleware/AddQueuedCookiesToResponse.php(36): Illuminate/Pipeline/Pipeline->{closure:{closure:Illuminate/Pipeline/Pipeline::carry():194}:195}(Object(Illuminate/Http/Request))
#21 C:/Users/Stefano/Geo-Alert/vendor/laravel/framework/src/Illuminate/Pipeline/Pipeline.php(219): Illuminate/Cookie/Middleware/AddQueuedCookiesToResponse->handle(Object(Illuminate/Http/Request), Object(Closure))
#22 C:/Users/Stefano/Geo-Alert/vendor/laravel/framework/src/Illuminate/Cookie/Middleware/EncryptCookies.php(74): Illuminate/Pipeline/Pipeline->{closure:{closure:Illuminate/Pipeline/Pipeline::carry():194}:195}(Object(Illuminate/Http/Request))
#23 C:/Users/Stefano/Geo-Alert/vendor/laravel/framework/src/Illuminate/Pipeline/Pipeline.php(219): Illuminate/Cookie/Middleware/EncryptCookies->handle(Object(Illuminate/Http/Request), Object(Closure))
#24 C:/Users/Stefano/Geo-Alert/vendor/laravel/framework/src/Illuminate/Pipeline/Pipeline.php(137): Illuminate/Pipeline/Pipeline->{closure:{closure:Illuminate/Pipeline/Pipeline::carry():194}:195}(Object(Illuminate/Http/Request))
#25 C:/Users/Stefano/Geo-Alert/vendor/laravel/framework/src/Illuminate/Routing/Router.php(821): Illuminate/Pipeline/Pipeline->then(Object(Closure))
#26 C:/Users/Stefano/Geo-Alert/vendor/laravel/framework/src/Illuminate/Routing/Router.php(800): Illuminate/Routing/Router->runRouteWithinStack(Object(Illuminate/Routing/Route), Object(Illuminate/Http/Request))
#27 C:/Users/Stefano/Geo-Alert/vendor/laravel/framework/src/Illuminate/Routing/Router.php(764): Illuminate/Routing/Router->runRoute(Object(Illuminate/Http/Request), Object(Illuminate/Routing/Route))
#28 C:/Users/Stefano/Geo-Alert/vendor/laravel/framework/src/Illuminate/Routing/Router.php(753): Illuminate/Routing/Router->dispatchToRoute(Object(Illuminate/Http/Request))
#29 C:/Users/Stefano/Geo-Alert/vendor/laravel/framework/src/Illuminate/Foundation/Http/Kernel.php(200): Illuminate/Routing/Router->dispatch(Object(Illuminate/Http/Request))
#30 C:/Users/Stefano/Geo-Alert/vendor/laravel/framework/src/Illuminate/Pipeline/Pipeline.php(180): Illuminate/Foundation/Http/Kernel->{closure:Illuminate/Foundation/Http/Kernel::dispatchToRouter():197}(Object(Illuminate/Http/Request))
#31 C:/Users/Stefano/Geo-Alert/vendor/laravel/framework/src/Illuminate/Foundation/Http/Middleware/TransformsRequest.php(21): Illuminate/Pipeline/Pipeline->{closure:Illuminate/Pipeline/Pipeline::prepareDestination():178}(Object(Illuminate/Http/Request))
#32 C:/Users/Stefano/Geo-Alert/vendor/laravel/framework/src/Illuminate/Foundation/Http/Middleware/ConvertEmptyStringsToNull.php(31): Illuminate/Foundation/Http/Middleware/TransformsRequest->handle(Object(Illuminate/Http/Request), Object(Closure))
#33 C:/Users/Stefano/Geo-Alert/vendor/laravel/framework/src/Illuminate/Pipeline/Pipeline.php(219): Illuminate/Foundation/Http/Middleware/ConvertEmptyStringsToNull->handle(Object(Illuminate/Http/Request), Object(Closure))
#34 C:/Users/Stefano/Geo-Alert/vendor/laravel/framework/src/Illuminate/Foundation/Http/Middleware/TransformsRequest.php(21): Illuminate/Pipeline/Pipeline->{closure:{closure:Illuminate/Pipeline/Pipeline::carry():194}:195}(Object(Illuminate/Http/Request))
#35 C:/Users/Stefano/Geo-Alert/vendor/laravel/framework/src/Illuminate/Foundation/Http/Middleware/TrimStrings.php(51): Illuminate/Foundation/Http/Middleware/TransformsRequest->handle(Object(Illuminate/Http/Request), Object(Closure))
#36 C:/Users/Stefano/Geo-Alert/vendor/laravel/framework/src/Illuminate/Pipeline/Pipeline.php(219): Illuminate/Foundation/Http/Middleware/TrimStrings->handle(Object(Illuminate/Http/Request), Object(Closure))
#37 C:/Users/Stefano/Geo-Alert/vendor/laravel/framework/src/Illuminate/Http/Middleware/ValidatePostSize.php(27): Illuminate/Pipeline/Pipeline->{closure:{closure:Illuminate/Pipeline/Pipeline::carry():194}:195}(Object(Illuminate/Http/Request))
#38 C:/Users/Stefano/Geo-Alert/vendor/laravel/framework/src/Illuminate/Pipeline/Pipeline.php(219): Illuminate/Http/Middleware/ValidatePostSize->handle(Object(Illuminate/Http/Request), Object(Closure))
#39 C:/Users/Stefano/Geo-Alert/vendor/laravel/framework/src/Illuminate/Foundation/Http/Middleware/PreventRequestsDuringMaintenance.php(109): Illuminate/Pipeline/Pipeline->{closure:{closure:Illuminate/Pipeline/Pipeline::carry():194}:195}(Object(Illuminate/Http/Request))
#40 C:/Users/Stefano/Geo-Alert/vendor/laravel/framework/src/Illuminate/Pipeline/Pipeline.php(219): Illuminate/Foundation/Http/Middleware/PreventRequestsDuringMaintenance->handle(Object(Illuminate/Http/Request), Object(Closure))
#41 C:/Users/Stefano/Geo-Alert/vendor/laravel/framework/src/Illuminate/Http/Middleware/HandleCors.php(61): Illuminate/Pipeline/Pipeline->{closure:{closure:Illuminate/Pipeline/Pipeline::carry():194}:195}(Object(Illuminate/Http/Request))
#42 C:/Users/Stefano/Geo-Alert/vendor/laravel/framework/src/Illuminate/Pipeline/Pipeline.php(219): Illuminate/Http/Middleware/HandleCors->handle(Object(Illuminate/Http/Request), Object(Closure))
#43 C:/Users/Stefano/Geo-Alert/vendor/laravel/framework/src/Illuminate/Http/Middleware/TrustProxies.php(58): Illuminate/Pipeline/Pipeline->{closure:{closure:Illuminate/Pipeline/Pipeline::carry():194}:195}(Object(Illuminate/Http/Request))
#44 C:/Users/Stefano/Geo-Alert/vendor/laravel/framework/src/Illuminate/Pipeline/Pipeline.php(219): Illuminate/Http/Middleware/TrustProxies->handle(Object(Illuminate/Http/Request), Object(Closure))
#45 C:/Users/Stefano/Geo-Alert/vendor/laravel/framework/src/Illuminate/Foundation/Http/Middleware/InvokeDeferredCallbacks.php(22): Illuminate/Pipeline/Pipeline->{closure:{closure:Illuminate/Pipeline/Pipeline::carry():194}:195}(Object(Illuminate/Http/Request))
#46 C:/Users/Stefano/Geo-Alert/vendor/laravel/framework/src/Illuminate/Pipeline/Pipeline.php(219): Illuminate/Foundation/Http/Middleware/InvokeDeferredCallbacks->handle(Object(Illuminate/Http/Request), Object(Closure))
#47 C:/Users/Stefano/Geo-Alert/vendor/laravel/framework/src/Illuminate/Http/Middleware/ValidatePathEncoding.php(28): Illuminate/Pipeline/Pipeline->{closure:{closure:Illuminate/Pipeline/Pipeline::carry():194}:195}(Object(Illuminate/Http/Request))
#48 C:/Users/Stefano/Geo-Alert/vendor/laravel/framework/src/Illuminate/Pipeline/Pipeline.php(219): Illuminate/Http/Middleware/ValidatePathEncoding->handle(Object(Illuminate/Http/Request), Object(Closure))
#49 C:/Users/Stefano/Geo-Alert/vendor/laravel/framework/src/Illuminate/Pipeline/Pipeline.php(137): Illuminate/Pipeline/Pipeline->{closure:{closure:Illuminate/Pipeline/Pipeline::carry():194}:195}(Object(Illuminate/Http/Request))
#50 C:/Users/Stefano/Geo-Alert/vendor/laravel/framework/src/Illuminate/Foundation/Http/Kernel.php(175): Illuminate/Pipeline/Pipeline->then(Object(Closure))
#51 C:/Users/Stefano/Geo-Alert/vendor/laravel/framework/src/Illuminate/Foundation/Http/Kernel.php(144): Illuminate/Foundation/Http/Kernel->sendRequestThroughRouter(Object(Illuminate/Http/Request))
#52 C:/Users/Stefano/Geo-Alert/vendor/laravel/framework/src/Illuminate/Foundation/Application.php(1227): Illuminate/Foundation/Http/Kernel->handle(Object(Illuminate/Http/Request))
#53 C:/Users/Stefano/Geo-Alert/public/index.php(20): Illuminate/Foundation/Application->handleRequest(Object(Illuminate/Http/Request))
#54 C:/Users/Stefano/Geo-Alert/vendor/laravel/framework/src/Illuminate/Foundation/resources/server.php(23): require_once('C://Users//Stefan...')
#55 {main}

[previous exception] [object] (Illuminate\\Foundation\\ViteManifestNotFoundException(code: 0): Vite manifest not found at: C:\\Users\\Stefano\\Geo-Alert\\public\\build/manifest.json at C:/Users/Stefano/Geo-Alert/vendor/laravel/framework/src/Illuminate/Foundation/Vite.php:960)
[stacktrace]
#0 C:/Users/Stefano/Geo-Alert/vendor/laravel/framework/src/Illuminate/Foundation/Vite.php(398): Illuminate/Foundation/Vite->manifest('build')
#1 C:/Users/Stefano/Geo-Alert/storage/framework/views/908022e444dc9de38014adda002e4c0b.php(13): Illuminate/Foundation/Vite->__invoke(Object(Illuminate/Support/Collection))
#2 C:/Users/Stefano/Geo-Alert/vendor/laravel/framework/src/Illuminate/Filesystem/Filesystem.php(123): require('C://Users//Stefan...')
#3 C:/Users/Stefano/Geo-Alert/vendor/laravel/framework/src/Illuminate/Filesystem/Filesystem.php(124): Illuminate/Filesystem/Filesystem::{closure:Illuminate/Filesystem/Filesystem::getRequire():120}()
#4 C:/Users/Stefano/Geo-Alert/vendor/laravel/framework/src/Illuminate/View/Engines/PhpEngine.php(57): Illuminate/Filesystem/Filesystem->getRequire('C://Users//Stefan...', Array)
#5 C:/Users/Stefano/Geo-Alert/vendor/laravel/framework/src/Illuminate/View/Engines/CompilerEngine.php(76): Illuminate/View/Engines/PhpEngine->evaluatePath('C://Users//Stefan...', Array)
#6 C:/Users/Stefano/Geo-Alert/vendor/laravel/framework/src/Illuminate/View/View.php(208): Illuminate/View/Engines/CompilerEngine->get('C://Users//Stefan...', Array)
#7 C:/Users/Stefano/Geo-Alert/vendor/laravel/framework/src/Illuminate/View/View.php(191): Illuminate/View/View->getContents()
#8 C:/Users/Stefano/Geo-Alert/vendor/laravel/framework/src/Illuminate/View/View.php(160): Illuminate/View/View->renderContents()
#9 C:/Users/Stefano/Geo-Alert/vendor/laravel/framework/src/Illuminate/Http/Response.php(82): Illuminate/View/View->render()
#10 C:/Users/Stefano/Geo-Alert/vendor/laravel/framework/src/Illuminate/Http/Response.php(40): Illuminate/Http/Response->setContent(Object(Illuminate/View/View))
#11 C:/Users/Stefano/Geo-Alert/vendor/laravel/framework/src/Illuminate/Routing/Router.php(939): Illuminate/Http/Response->__construct(Object(Illuminate/View/View), 200, Array)
#12 C:/Users/Stefano/Geo-Alert/vendor/laravel/framework/src/Illuminate/Routing/Router.php(906): Illuminate/Routing/Router::toResponse(Object(Illuminate/Http/Request), Object(Illuminate/View/View))
#13 C:/Users/Stefano/Geo-Alert/vendor/laravel/framework/src/Illuminate/Routing/Router.php(821): Illuminate/Routing/Router->prepareResponse(Object(Illuminate/Http/Request), Object(Illuminate/View/View))
#14 C:/Users/Stefano/Geo-Alert/vendor/laravel/framework/src/Illuminate/Pipeline/Pipeline.php(180): Illuminate/Routing/Router->{closure:Illuminate/Routing/Router::runRouteWithinStack():821}(Object(Illuminate/Http/Request))
#15 C:/Users/Stefano/Geo-Alert/vendor/laravel/framework/src/Illuminate/Routing/Middleware/SubstituteBindings.php(52): Illuminate/Pipeline/Pipeline->{closure:Illuminate/Pipeline/Pipeline::prepareDestination():178}(Object(Illuminate/Http/Request))
#16 C:/Users/Stefano/Geo-Alert/vendor/laravel/framework/src/Illuminate/Pipeline/Pipeline.php(219): Illuminate/Routing/Middleware/SubstituteBindings->handle(Object(Illuminate/Http/Request), Object(Closure))
#17 C:/Users/Stefano/Geo-Alert/vendor/laravel/framework/src/Illuminate/Foundation/Http/Middleware/PreventRequestForgery.php(104): Illuminate/Pipeline/Pipeline->{closure:{closure:Illuminate/Pipeline/Pipeline::carry():194}:195}(Object(Illuminate/Http/Request))
#18 C:/Users/Stefano/Geo-Alert/vendor/laravel/framework/src/Illuminate/Pipeline/Pipeline.php(219): Illuminate/Foundation/Http/Middleware/PreventRequestForgery->handle(Object(Illuminate/Http/Request), Object(Closure))
#19 C:/Users/Stefano/Geo-Alert/vendor/laravel/framework/src/Illuminate/View/Middleware/ShareErrorsFromSession.php(48): Illuminate/Pipeline/Pipeline->{closure:{closure:Illuminate/Pipeline/Pipeline::carry():194}:195}(Object(Illuminate/Http/Request))
#20 C:/Users/Stefano/Geo-Alert/vendor/laravel/framework/src/Illuminate/Pipeline/Pipeline.php(219): Illuminate/View/Middleware/ShareErrorsFromSession->handle(Object(Illuminate/Http/Request), Object(Closure))
#21 C:/Users/Stefano/Geo-Alert/vendor/laravel/framework/src/Illuminate/Session/Middleware/StartSession.php(120): Illuminate/Pipeline/Pipeline->{closure:{closure:Illuminate/Pipeline/Pipeline::carry():194}:195}(Object(Illuminate/Http/Request))
#22 C:/Users/Stefano/Geo-Alert/vendor/laravel/framework/src/Illuminate/Session/Middleware/StartSession.php(63): Illuminate/Session/Middleware/StartSession->handleStatefulRequest(Object(Illuminate/Http/Request), Object(Illuminate/Session/Store), Object(Closure))
#23 C:/Users/Stefano/Geo-Alert/vendor/laravel/framework/src/Illuminate/Pipeline/Pipeline.php(219): Illuminate/Session/Middleware/StartSession->handle(Object(Illuminate/Http/Request), Object(Closure))
#24 C:/Users/Stefano/Geo-Alert/vendor/laravel/framework/src/Illuminate/Cookie/Middleware/AddQueuedCookiesToResponse.php(36): Illuminate/Pipeline/Pipeline->{closure:{closure:Illuminate/Pipeline/Pipeline::carry():194}:195}(Object(Illuminate/Http/Request))
#25 C:/Users/Stefano/Geo-Alert/vendor/laravel/framework/src/Illuminate/Pipeline/Pipeline.php(219): Illuminate/Cookie/Middleware/AddQueuedCookiesToResponse->handle(Object(Illuminate/Http/Request), Object(Closure))
#26 C:/Users/Stefano/Geo-Alert/vendor/laravel/framework/src/Illuminate/Cookie/Middleware/EncryptCookies.php(74): Illuminate/Pipeline/Pipeline->{closure:{closure:Illuminate/Pipeline/Pipeline::carry():194}:195}(Object(Illuminate/Http/Request))
#27 C:/Users/Stefano/Geo-Alert/vendor/laravel/framework/src/Illuminate/Pipeline/Pipeline.php(219): Illuminate/Cookie/Middleware/EncryptCookies->handle(Object(Illuminate/Http/Request), Object(Closure))
#28 C:/Users/Stefano/Geo-Alert/vendor/laravel/framework/src/Illuminate/Pipeline/Pipeline.php(137): Illuminate/Pipeline/Pipeline->{closure:{closure:Illuminate/Pipeline/Pipeline::carry():194}:195}(Object(Illuminate/Http/Request))
#29 C:/Users/Stefano/Geo-Alert/vendor/laravel/framework/src/Illuminate/Routing/Router.php(821): Illuminate/Pipeline/Pipeline->then(Object(Closure))
#30 C:/Users/Stefano/Geo-Alert/vendor/laravel/framework/src/Illuminate/Routing/Router.php(800): Illuminate/Routing/Router->runRouteWithinStack(Object(Illuminate/Routing/Route), Object(Illuminate/Http/Request))
#31 C:/Users/Stefano/Geo-Alert/vendor/laravel/framework/src/Illuminate/Routing/Router.php(764): Illuminate/Routing/Router->runRoute(Object(Illuminate/Http/Request), Object(Illuminate/Routing/Route))
#32 C:/Users/Stefano/Geo-Alert/vendor/laravel/framework/src/Illuminate/Routing/Router.php(753): Illuminate/Routing/Router->dispatchToRoute(Object(Illuminate/Http/Request))
#33 C:/Users/Stefano/Geo-Alert/vendor/laravel/framework/src/Illuminate/Foundation/Http/Kernel.php(200): Illuminate/Routing/Router->dispatch(Object(Illuminate/Http/Request))
#34 C:/Users/Stefano/Geo-Alert/vendor/laravel/framework/src/Illuminate/Pipeline/Pipeline.php(180): Illuminate/Foundation/Http/Kernel->{closure:Illuminate/Foundation/Http/Kernel::dispatchToRouter():197}(Object(Illuminate/Http/Request))
#35 C:/Users/Stefano/Geo-Alert/vendor/laravel/framework/src/Illuminate/Foundation/Http/Middleware/TransformsRequest.php(21): Illuminate/Pipeline/Pipeline->{closure:Illuminate/Pipeline/Pipeline::prepareDestination():178}(Object(Illuminate/Http/Request))
#36 C:/Users/Stefano/Geo-Alert/vendor/laravel/framework/src/Illuminate/Foundation/Http/Middleware/ConvertEmptyStringsToNull.php(31): Illuminate/Foundation/Http/Middleware/TransformsRequest->handle(Object(Illuminate/Http/Request), Object(Closure))
#37 C:/Users/Stefano/Geo-Alert/vendor/laravel/framework/src/Illuminate/Pipeline/Pipeline.php(219): Illuminate/Foundation/Http/Middleware/ConvertEmptyStringsToNull->handle(Object(Illuminate/Http/Request), Object(Closure))
#38 C:/Users/Stefano/Geo-Alert/vendor/laravel/framework/src/Illuminate/Foundation/Http/Middleware/TransformsRequest.php(21): Illuminate/Pipeline/Pipeline->{closure:{closure:Illuminate/Pipeline/Pipeline::carry():194}:195}(Object(Illuminate/Http/Request))
#39 C:/Users/Stefano/Geo-Alert/vendor/laravel/framework/src/Illuminate/Foundation/Http/Middleware/TrimStrings.php(51): Illuminate/Foundation/Http/Middleware/TransformsRequest->handle(Object(Illuminate/Http/Request), Object(Closure))
#40 C:/Users/Stefano/Geo-Alert/vendor/laravel/framework/src/Illuminate/Pipeline/Pipeline.php(219): Illuminate/Foundation/Http/Middleware/TrimStrings->handle(Object(Illuminate/Http/Request), Object(Closure))
#41 C:/Users/Stefano/Geo-Alert/vendor/laravel/framework/src/Illuminate/Http/Middleware/ValidatePostSize.php(27): Illuminate/Pipeline/Pipeline->{closure:{closure:Illuminate/Pipeline/Pipeline::carry():194}:195}(Object(Illuminate/Http/Request))
#42 C:/Users/Stefano/Geo-Alert/vendor/laravel/framework/src/Illuminate/Pipeline/Pipeline.php(219): Illuminate/Http/Middleware/ValidatePostSize->handle(Object(Illuminate/Http/Request), Object(Closure))
#43 C:/Users/Stefano/Geo-Alert/vendor/laravel/framework/src/Illuminate/Foundation/Http/Middleware/PreventRequestsDuringMaintenance.php(109): Illuminate/Pipeline/Pipeline->{closure:{closure:Illuminate/Pipeline/Pipeline::carry():194}:195}(Object(Illuminate/Http/Request))
#44 C:/Users/Stefano/Geo-Alert/vendor/laravel/framework/src/Illuminate/Pipeline/Pipeline.php(219): Illuminate/Foundation/Http/Middleware/PreventRequestsDuringMaintenance->handle(Object(Illuminate/Http/Request), Object(Closure))
#45 C:/Users/Stefano/Geo-Alert/vendor/laravel/framework/src/Illuminate/Http/Middleware/HandleCors.php(61): Illuminate/Pipeline/Pipeline->{closure:{closure:Illuminate/Pipeline/Pipeline::carry():194}:195}(Object(Illuminate/Http/Request))
#46 C:/Users/Stefano/Geo-Alert/vendor/laravel/framework/src/Illuminate/Pipeline/Pipeline.php(219): Illuminate/Http/Middleware/HandleCors->handle(Object(Illuminate/Http/Request), Object(Closure))
#47 C:/Users/Stefano/Geo-Alert/vendor/laravel/framework/src/Illuminate/Http/Middleware/TrustProxies.php(58): Illuminate/Pipeline/Pipeline->{closure:{closure:Illuminate/Pipeline/Pipeline::carry():194}:195}(Object(Illuminate/Http/Request))
#48 C:/Users/Stefano/Geo-Alert/vendor/laravel/framework/src/Illuminate/Pipeline/Pipeline.php(219): Illuminate/Http/Middleware/TrustProxies->handle(Object(Illuminate/Http/Request), Object(Closure))
#49 C:/Users/Stefano/Geo-Alert/vendor/laravel/framework/src/Illuminate/Foundation/Http/Middleware/InvokeDeferredCallbacks.php(22): Illuminate/Pipeline/Pipeline->{closure:{closure:Illuminate/Pipeline/Pipeline::carry():194}:195}(Object(Illuminate/Http/Request))
#50 C:/Users/Stefano/Geo-Alert/vendor/laravel/framework/src/Illuminate/Pipeline/Pipeline.php(219): Illuminate/Foundation/Http/Middleware/InvokeDeferredCallbacks->handle(Object(Illuminate/Http/Request), Object(Closure))
#51 C:/Users/Stefano/Geo-Alert/vendor/laravel/framework/src/Illuminate/Http/Middleware/ValidatePathEncoding.php(28): Illuminate/Pipeline/Pipeline->{closure:{closure:Illuminate/Pipeline/Pipeline::carry():194}:195}(Object(Illuminate/Http/Request))
#52 C:/Users/Stefano/Geo-Alert/vendor/laravel/framework/src/Illuminate/Pipeline/Pipeline.php(219): Illuminate/Http/Middleware/ValidatePathEncoding->handle(Object(Illuminate/Http/Request), Object(Closure))
#53 C:/Users/Stefano/Geo-Alert/vendor/laravel/framework/src/Illuminate/Pipeline/Pipeline.php(137): Illuminate/Pipeline/Pipeline->{closure:{closure:Illuminate/Pipeline/Pipeline::carry():194}:195}(Object(Illuminate/Http/Request))
#54 C:/Users/Stefano/Geo-Alert/vendor/laravel/framework/src/Illuminate/Foundation/Http/Kernel.php(175): Illuminate/Pipeline/Pipeline->then(Object(Closure))
#55 C:/Users/Stefano/Geo-Alert/vendor/laravel/framework/src/Illuminate/Foundation/Http/Kernel.php(144): Illuminate/Foundation/Http/Kernel->sendRequestThroughRouter(Object(Illuminate/Http/Request))
#56 C:/Users/Stefano/Geo-Alert/vendor/laravel/framework/src/Illuminate/Foundation/Application.php(1227): Illuminate/Foundation/Http/Kernel->handle(Object(Illuminate/Http/Request))
#57 C:/Users/Stefano/Geo-Alert/public/index.php(20): Illuminate/Foundation/Application->handleRequest(Object(Illuminate/Http/Request))
#58 C:/Users/Stefano/Geo-Alert/vendor/laravel/framework/src/Illuminate/Foundation/resources/server.php(23): require_once('C://Users//Stefan...')
#59 {main}
"} 
[2026-08-07 04:07:30] local.ERROR: Vite manifest not found at: C:\Users\Stefano\Geo-Alert\public\build/manifest.json (View: C:\Users\Stefano\Geo-Alert\resources\views\welcome.blade.php) {"exception":"[object] (Illuminate\\View\\ViewException(code: 0): Vite manifest not found at: C:\\Users\\Stefano\\Geo-Alert\\public\\build/manifest.json (View: C:\\Users\\Stefano\\Geo-Alert\\resources\\views\\welcome.blade.php) at C:/Users/Stefano/Geo-Alert/vendor/laravel/framework/src/Illuminate/Foundation/Vite.php:960)
[stacktrace]
#0 C:/Users/Stefano/Geo-Alert/vendor/laravel/framework/src/Illuminate/View/Engines/PhpEngine.php(59): Illuminate/View/Engines/CompilerEngine->handleViewException(Object(Illuminate/Foundation/ViteManifestNotFoundException), 1)
#1 C:/Users/Stefano/Geo-Alert/vendor/laravel/framework/src/Illuminate/View/Engines/CompilerEngine.php(76): Illuminate/View/Engines/PhpEngine->evaluatePath('C://Users//Stefan...', Array)
#2 C:/Users/Stefano/Geo-Alert/vendor/laravel/framework/src/Illuminate/View/View.php(208): Illuminate/View/Engines/CompilerEngine->get('C://Users//Stefan...', Array)
#3 C:/Users/Stefano/Geo-Alert/vendor/laravel/framework/src/Illuminate/View/View.php(191): Illuminate/View/View->getContents()
#4 C:/Users/Stefano/Geo-Alert/vendor/laravel/framework/src/Illuminate/View/View.php(160): Illuminate/View/View->renderContents()
#5 C:/Users/Stefano/Geo-Alert/vendor/laravel/framework/src/Illuminate/Http/Response.php(82): Illuminate/View/View->render()
#6 C:/Users/Stefano/Geo-Alert/vendor/laravel/framework/src/Illuminate/Http/Response.php(40): Illuminate/Http/Response->setContent(Object(Illuminate/View/View))
#7 C:/Users/Stefano/Geo-Alert/vendor/laravel/framework/src/Illuminate/Routing/Router.php(939): Illuminate/Http/Response->__construct(Object(Illuminate/View/View), 200, Array)
#8 C:/Users/Stefano/Geo-Alert/vendor/laravel/framework/src/Illuminate/Routing/Router.php(906): Illuminate/Routing/Router::toResponse(Object(Illuminate/Http/Request), Object(Illuminate/View/View))
#9 C:/Users/Stefano/Geo-Alert/vendor/laravel/framework/src/Illuminate/Routing/Router.php(821): Illuminate/Routing/Router->prepareResponse(Object(Illuminate/Http/Request), Object(Illuminate/View/View))
#10 C:/Users/Stefano/Geo-Alert/vendor/laravel/framework/src/Illuminate/Pipeline/Pipeline.php(180): Illuminate/Routing/Router->{closure:Illuminate/Routing/Router::runRouteWithinStack():821}(Object(Illuminate/Http/Request))
#11 C:/Users/Stefano/Geo-Alert/vendor/laravel/framework/src/Illuminate/Routing/Middleware/SubstituteBindings.php(52): Illuminate/Pipeline/Pipeline->{closure:Illuminate/Pipeline/Pipeline::prepareDestination():178}(Object(Illuminate/Http/Request))
#12 C:/Users/Stefano/Geo-Alert/vendor/laravel/framework/src/Illuminate/Pipeline/Pipeline.php(219): Illuminate/Routing/Middleware/SubstituteBindings->handle(Object(Illuminate/Http/Request), Object(Closure))
#13 C:/Users/Stefano/Geo-Alert/vendor/laravel/framework/src/Illuminate/Foundation/Http/Middleware/PreventRequestForgery.php(104): Illuminate/Pipeline/Pipeline->{closure:{closure:Illuminate/Pipeline/Pipeline::carry():194}:195}(Object(Illuminate/Http/Request))
#14 C:/Users/Stefano/Geo-Alert/vendor/laravel/framework/src/Illuminate/Pipeline/Pipeline.php(219): Illuminate/Foundation/Http/Middleware/PreventRequestForgery->handle(Object(Illuminate/Http/Request), Object(Closure))
#15 C:/Users/Stefano/Geo-Alert/vendor/laravel/framework/src/Illuminate/View/Middleware/ShareErrorsFromSession.php(48): Illuminate/Pipeline/Pipeline->{closure:{closure:Illuminate/Pipeline/Pipeline::carry():194}:195}(Object(Illuminate/Http/Request))
#16 C:/Users/Stefano/Geo-Alert/vendor/laravel/framework/src/Illuminate/Pipeline/Pipeline.php(219): Illuminate/View/Middleware/ShareErrorsFromSession->handle(Object(Illuminate/Http/Request), Object(Closure))
#17 C:/Users/Stefano/Geo-Alert/vendor/laravel/framework/src/Illuminate/Session/Middleware/StartSession.php(120): Illuminate/Pipeline/Pipeline->{closure:{closure:Illuminate/Pipeline/Pipeline::carry():194}:195}(Object(Illuminate/Http/Request))
#18 C:/Users/Stefano/Geo-Alert/vendor/laravel/framework/src/Illuminate/Session/Middleware/StartSession.php(63): Illuminate/Session/Middleware/StartSession->handleStatefulRequest(Object(Illuminate/Http/Request), Object(Illuminate/Session/Store), Object(Closure))
#19 C:/Users/Stefano/Geo-Alert/vendor/laravel/framework/src/Illuminate/Pipeline/Pipeline.php(219): Illuminate/Session/Middleware/StartSession->handle(Object(Illuminate/Http/Request), Object(Closure))
#20 C:/Users/Stefano/Geo-Alert/vendor/laravel/framework/src/Illuminate/Cookie/Middleware/AddQueuedCookiesToResponse.php(36): Illuminate/Pipeline/Pipeline->{closure:{closure:Illuminate/Pipeline/Pipeline::carry():194}:195}(Object(Illuminate/Http/Request))
#21 C:/Users/Stefano/Geo-Alert/vendor/laravel/framework/src/Illuminate/Pipeline/Pipeline.php(219): Illuminate/Cookie/Middleware/AddQueuedCookiesToResponse->handle(Object(Illuminate/Http/Request), Object(Closure))
#22 C:/Users/Stefano/Geo-Alert/vendor/laravel/framework/src/Illuminate/Cookie/Middleware/EncryptCookies.php(74): Illuminate/Pipeline/Pipeline->{closure:{closure:Illuminate/Pipeline/Pipeline::carry():194}:195}(Object(Illuminate/Http/Request))
#23 C:/Users/Stefano/Geo-Alert/vendor/laravel/framework/src/Illuminate/Pipeline/Pipeline.php(219): Illuminate/Cookie/Middleware/EncryptCookies->handle(Object(Illuminate/Http/Request), Object(Closure))
#24 C:/Users/Stefano/Geo-Alert/vendor/laravel/framework/src/Illuminate/Pipeline/Pipeline.php(137): Illuminate/Pipeline/Pipeline->{closure:{closure:Illuminate/Pipeline/Pipeline::carry():194}:195}(Object(Illuminate/Http/Request))
#25 C:/Users/Stefano/Geo-Alert/vendor/laravel/framework/src/Illuminate/Routing/Router.php(821): Illuminate/Pipeline/Pipeline->then(Object(Closure))
#26 C:/Users/Stefano/Geo-Alert/vendor/laravel/framework/src/Illuminate/Routing/Router.php(800): Illuminate/Routing/Router->runRouteWithinStack(Object(Illuminate/Routing/Route), Object(Illuminate/Http/Request))
#27 C:/Users/Stefano/Geo-Alert/vendor/laravel/framework/src/Illuminate/Routing/Router.php(764): Illuminate/Routing/Router->runRoute(Object(Illuminate/Http/Request), Object(Illuminate/Routing/Route))
#28 C:/Users/Stefano/Geo-Alert/vendor/laravel/framework/src/Illuminate/Routing/Router.php(753): Illuminate/Routing/Router->dispatchToRoute(Object(Illuminate/Http/Request))
#29 C:/Users/Stefano/Geo-Alert/vendor/laravel/framework/src/Illuminate/Foundation/Http/Kernel.php(200): Illuminate/Routing/Router->dispatch(Object(Illuminate/Http/Request))
#30 C:/Users/Stefano/Geo-Alert/vendor/laravel/framework/src/Illuminate/Pipeline/Pipeline.php(180): Illuminate/Foundation/Http/Kernel->{closure:Illuminate/Foundation/Http/Kernel::dispatchToRouter():197}(Object(Illuminate/Http/Request))
#31 C:/Users/Stefano/Geo-Alert/vendor/laravel/framework/src/Illuminate/Foundation/Http/Middleware/TransformsRequest.php(21): Illuminate/Pipeline/Pipeline->{closure:Illuminate/Pipeline/Pipeline::prepareDestination():178}(Object(Illuminate/Http/Request))
#32 C:/Users/Stefano/Geo-Alert/vendor/laravel/framework/src/Illuminate/Foundation/Http/Middleware/ConvertEmptyStringsToNull.php(31): Illuminate/Foundation/Http/Middleware/TransformsRequest->handle(Object(Illuminate/Http/Request), Object(Closure))
#33 C:/Users/Stefano/Geo-Alert/vendor/laravel/framework/src/Illuminate/Pipeline/Pipeline.php(219): Illuminate/Foundation/Http/Middleware/ConvertEmptyStringsToNull->handle(Object(Illuminate/Http/Request), Object(Closure))
#34 C:/Users/Stefano/Geo-Alert/vendor/laravel/framework/src/Illuminate/Foundation/Http/Middleware/TransformsRequest.php(21): Illuminate/Pipeline/Pipeline->{closure:{closure:Illuminate/Pipeline/Pipeline::carry():194}:195}(Object(Illuminate/Http/Request))
#35 C:/Users/Stefano/Geo-Alert/vendor/laravel/framework/src/Illuminate/Foundation/Http/Middleware/TrimStrings.php(51): Illuminate/Foundation/Http/Middleware/TransformsRequest->handle(Object(Illuminate/Http/Request), Object(Closure))
#36 C:/Users/Stefano/Geo-Alert/vendor/laravel/framework/src/Illuminate/Pipeline/Pipeline.php(219): Illuminate/Foundation/Http/Middleware/TrimStrings->handle(Object(Illuminate/Http/Request), Object(Closure))
#37 C:/Users/Stefano/Geo-Alert/vendor/laravel/framework/src/Illuminate/Http/Middleware/ValidatePostSize.php(27): Illuminate/Pipeline/Pipeline->{closure:{closure:Illuminate/Pipeline/Pipeline::carry():194}:195}(Object(Illuminate/Http/Request))
#38 C:/Users/Stefano/Geo-Alert/vendor/laravel/framework/src/Illuminate/Pipeline/Pipeline.php(219): Illuminate/Http/Middleware/ValidatePostSize->handle(Object(Illuminate/Http/Request), Object(Closure))
#39 C:/Users/Stefano/Geo-Alert/vendor/laravel/framework/src/Illuminate/Foundation/Http/Middleware/PreventRequestsDuringMaintenance.php(109): Illuminate/Pipeline/Pipeline->{closure:{closure:Illuminate/Pipeline/Pipeline::carry():194}:195}(Object(Illuminate/Http/Request))
#40 C:/Users/Stefano/Geo-Alert/vendor/laravel/framework/src/Illuminate/Pipeline/Pipeline.php(219): Illuminate/Foundation/Http/Middleware/PreventRequestsDuringMaintenance->handle(Object(Illuminate/Http/Request), Object(Closure))
#41 C:/Users/Stefano/Geo-Alert/vendor/laravel/framework/src/Illuminate/Http/Middleware/HandleCors.php(61): Illuminate/Pipeline/Pipeline->{closure:{closure:Illuminate/Pipeline/Pipeline::carry():194}:195}(Object(Illuminate/Http/Request))
#42 C:/Users/Stefano/Geo-Alert/vendor/laravel/framework/src/Illuminate/Pipeline/Pipeline.php(219): Illuminate/Http/Middleware/HandleCors->handle(Object(Illuminate/Http/Request), Object(Closure))
#43 C:/Users/Stefano/Geo-Alert/vendor/laravel/framework/src/Illuminate/Http/Middleware/TrustProxies.php(58): Illuminate/Pipeline/Pipeline->{closure:{closure:Illuminate/Pipeline/Pipeline::carry():194}:195}(Object(Illuminate/Http/Request))
#44 C:/Users/Stefano/Geo-Alert/vendor/laravel/framework/src/Illuminate/Pipeline/Pipeline.php(219): Illuminate/Http/Middleware/TrustProxies->handle(Object(Illuminate/Http/Request), Object(Closure))
#45 C:/Users/Stefano/Geo-Alert/vendor/laravel/framework/src/Illuminate/Foundation/Http/Middleware/InvokeDeferredCallbacks.php(22): Illuminate/Pipeline/Pipeline->{closure:{closure:Illuminate/Pipeline/Pipeline::carry():194}:195}(Object(Illuminate/Http/Request))
#46 C:/Users/Stefano/Geo-Alert/vendor/laravel/framework/src/Illuminate/Pipeline/Pipeline.php(219): Illuminate/Foundation/Http/Middleware/InvokeDeferredCallbacks->handle(Object(Illuminate/Http/Request), Object(Closure))
#47 C:/Users/Stefano/Geo-Alert/vendor/laravel/framework/src/Illuminate/Http/Middleware/ValidatePathEncoding.php(28): Illuminate/Pipeline/Pipeline->{closure:{closure:Illuminate/Pipeline/Pipeline::carry():194}:195}(Object(Illuminate/Http/Request))
#48 C:/Users/Stefano/Geo-Alert/vendor/laravel/framework/src/Illuminate/Pipeline/Pipeline.php(219): Illuminate/Http/Middleware/ValidatePathEncoding->handle(Object(Illuminate/Http/Request), Object(Closure))
#49 C:/Users/Stefano/Geo-Alert/vendor/laravel/framework/src/Illuminate/Pipeline/Pipeline.php(137): Illuminate/Pipeline/Pipeline->{closure:{closure:Illuminate/Pipeline/Pipeline::carry():194}:195}(Object(Illuminate/Http/Request))
#50 C:/Users/Stefano/Geo-Alert/vendor/laravel/framework/src/Illuminate/Foundation/Http/Kernel.php(175): Illuminate/Pipeline/Pipeline->then(Object(Closure))
#51 C:/Users/Stefano/Geo-Alert/vendor/laravel/framework/src/Illuminate/Foundation/Http/Kernel.php(144): Illuminate/Foundation/Http/Kernel->sendRequestThroughRouter(Object(Illuminate/Http/Request))
#52 C:/Users/Stefano/Geo-Alert/vendor/laravel/framework/src/Illuminate/Foundation/Application.php(1227): Illuminate/Foundation/Http/Kernel->handle(Object(Illuminate/Http/Request))
#53 C:/Users/Stefano/Geo-Alert/public/index.php(20): Illuminate/Foundation/Application->handleRequest(Object(Illuminate/Http/Request))
#54 C:/Users/Stefano/Geo-Alert/vendor/laravel/framework/src/Illuminate/Foundation/resources/server.php(23): require_once('C://Users//Stefan...')
#55 {main}

[previous exception] [object] (Illuminate\\Foundation\\ViteManifestNotFoundException(code: 0): Vite manifest not found at: C:\\Users\\Stefano\\Geo-Alert\\public\\build/manifest.json at C:/Users/Stefano/Geo-Alert/vendor/laravel/framework/src/Illuminate/Foundation/Vite.php:960)
[stacktrace]
#0 C:/Users/Stefano/Geo-Alert/vendor/laravel/framework/src/Illuminate/Foundation/Vite.php(398): Illuminate/Foundation/Vite->manifest('build')
#1 C:/Users/Stefano/Geo-Alert/storage/framework/views/908022e444dc9de38014adda002e4c0b.php(13): Illuminate/Foundation/Vite->__invoke(Object(Illuminate/Support/Collection))
#2 C:/Users/Stefano/Geo-Alert/vendor/laravel/framework/src/Illuminate/Filesystem/Filesystem.php(123): require('C://Users//Stefan...')
#3 C:/Users/Stefano/Geo-Alert/vendor/laravel/framework/src/Illuminate/Filesystem/Filesystem.php(124): Illuminate/Filesystem/Filesystem::{closure:Illuminate/Filesystem/Filesystem::getRequire():120}()
#4 C:/Users/Stefano/Geo-Alert/vendor/laravel/framework/src/Illuminate/View/Engines/PhpEngine.php(57): Illuminate/Filesystem/Filesystem->getRequire('C://Users//Stefan...', Array)
#5 C:/Users/Stefano/Geo-Alert/vendor/laravel/framework/src/Illuminate/View/Engines/CompilerEngine.php(76): Illuminate/View/Engines/PhpEngine->evaluatePath('C://Users//Stefan...', Array)
#6 C:/Users/Stefano/Geo-Alert/vendor/laravel/framework/src/Illuminate/View/View.php(208): Illuminate/View/Engines/CompilerEngine->get('C://Users//Stefan...', Array)
#7 C:/Users/Stefano/Geo-Alert/vendor/laravel/framework/src/Illuminate/View/View.php(191): Illuminate/View/View->getContents()
#8 C:/Users/Stefano/Geo-Alert/vendor/laravel/framework/src/Illuminate/View/View.php(160): Illuminate/View/View->renderContents()
#9 C:/Users/Stefano/Geo-Alert/vendor/laravel/framework/src/Illuminate/Http/Response.php(82): Illuminate/View/View->render()
#10 C:/Users/Stefano/Geo-Alert/vendor/laravel/framework/src/Illuminate/Http/Response.php(40): Illuminate/Http/Response->setContent(Object(Illuminate/View/View))
#11 C:/Users/Stefano/Geo-Alert/vendor/laravel/framework/src/Illuminate/Routing/Router.php(939): Illuminate/Http/Response->__construct(Object(Illuminate/View/View), 200, Array)
#12 C:/Users/Stefano/Geo-Alert/vendor/laravel/framework/src/Illuminate/Routing/Router.php(906): Illuminate/Routing/Router::toResponse(Object(Illuminate/Http/Request), Object(Illuminate/View/View))
#13 C:/Users/Stefano/Geo-Alert/vendor/laravel/framework/src/Illuminate/Routing/Router.php(821): Illuminate/Routing/Router->prepareResponse(Object(Illuminate/Http/Request), Object(Illuminate/View/View))
#14 C:/Users/Stefano/Geo-Alert/vendor/laravel/framework/src/Illuminate/Pipeline/Pipeline.php(180): Illuminate/Routing/Router->{closure:Illuminate/Routing/Router::runRouteWithinStack():821}(Object(Illuminate/Http/Request))
#15 C:/Users/Stefano/Geo-Alert/vendor/laravel/framework/src/Illuminate/Routing/Middleware/SubstituteBindings.php(52): Illuminate/Pipeline/Pipeline->{closure:Illuminate/Pipeline/Pipeline::prepareDestination():178}(Object(Illuminate/Http/Request))
#16 C:/Users/Stefano/Geo-Alert/vendor/laravel/framework/src/Illuminate/Pipeline/Pipeline.php(219): Illuminate/Routing/Middleware/SubstituteBindings->handle(Object(Illuminate/Http/Request), Object(Closure))
#17 C:/Users/Stefano/Geo-Alert/vendor/laravel/framework/src/Illuminate/Foundation/Http/Middleware/PreventRequestForgery.php(104): Illuminate/Pipeline/Pipeline->{closure:{closure:Illuminate/Pipeline/Pipeline::carry():194}:195}(Object(Illuminate/Http/Request))
#18 C:/Users/Stefano/Geo-Alert/vendor/laravel/framework/src/Illuminate/Pipeline/Pipeline.php(219): Illuminate/Foundation/Http/Middleware/PreventRequestForgery->handle(Object(Illuminate/Http/Request), Object(Closure))
#19 C:/Users/Stefano/Geo-Alert/vendor/laravel/framework/src/Illuminate/View/Middleware/ShareErrorsFromSession.php(48): Illuminate/Pipeline/Pipeline->{closure:{closure:Illuminate/Pipeline/Pipeline::carry():194}:195}(Object(Illuminate/Http/Request))
#20 C:/Users/Stefano/Geo-Alert/vendor/laravel/framework/src/Illuminate/Pipeline/Pipeline.php(219): Illuminate/View/Middleware/ShareErrorsFromSession->handle(Object(Illuminate/Http/Request), Object(Closure))
#21 C:/Users/Stefano/Geo-Alert/vendor/laravel/framework/src/Illuminate/Session/Middleware/StartSession.php(120): Illuminate/Pipeline/Pipeline->{closure:{closure:Illuminate/Pipeline/Pipeline::carry():194}:195}(Object(Illuminate/Http/Request))
#22 C:/Users/Stefano/Geo-Alert/vendor/laravel/framework/src/Illuminate/Session/Middleware/StartSession.php(63): Illuminate/Session/Middleware/StartSession->handleStatefulRequest(Object(Illuminate/Http/Request), Object(Illuminate/Session/Store), Object(Closure))
#23 C:/Users/Stefano/Geo-Alert/vendor/laravel/framework/src/Illuminate/Pipeline/Pipeline.php(219): Illuminate/Session/Middleware/StartSession->handle(Object(Illuminate/Http/Request), Object(Closure))
#24 C:/Users/Stefano/Geo-Alert/vendor/laravel/framework/src/Illuminate/Cookie/Middleware/AddQueuedCookiesToResponse.php(36): Illuminate/Pipeline/Pipeline->{closure:{closure:Illuminate/Pipeline/Pipeline::carry():194}:195}(Object(Illuminate/Http/Request))
#25 C:/Users/Stefano/Geo-Alert/vendor/laravel/framework/src/Illuminate/Pipeline/Pipeline.php(219): Illuminate/Cookie/Middleware/AddQueuedCookiesToResponse->handle(Object(Illuminate/Http/Request), Object(Closure))
#26 C:/Users/Stefano/Geo-Alert/vendor/laravel/framework/src/Illuminate/Cookie/Middleware/EncryptCookies.php(74): Illuminate/Pipeline/Pipeline->{closure:{closure:Illuminate/Pipeline/Pipeline::carry():194}:195}(Object(Illuminate/Http/Request))
#27 C:/Users/Stefano/Geo-Alert/vendor/laravel/framework/src/Illuminate/Pipeline/Pipeline.php(219): Illuminate/Cookie/Middleware/EncryptCookies->handle(Object(Illuminate/Http/Request), Object(Closure))
#28 C:/Users/Stefano/Geo-Alert/vendor/laravel/framework/src/Illuminate/Pipeline/Pipeline.php(137): Illuminate/Pipeline/Pipeline->{closure:{closure:Illuminate/Pipeline/Pipeline::carry():194}:195}(Object(Illuminate/Http/Request))
#29 C:/Users/Stefano/Geo-Alert/vendor/laravel/framework/src/Illuminate/Routing/Router.php(821): Illuminate/Pipeline/Pipeline->then(Object(Closure))
#30 C:/Users/Stefano/Geo-Alert/vendor/laravel/framework/src/Illuminate/Routing/Router.php(800): Illuminate/Routing/Router->runRouteWithinStack(Object(Illuminate/Routing/Route), Object(Illuminate/Http/Request))
#31 C:/Users/Stefano/Geo-Alert/vendor/laravel/framework/src/Illuminate/Routing/Router.php(764): Illuminate/Routing/Router->runRoute(Object(Illuminate/Http/Request), Object(Illuminate/Routing/Route))
#32 C:/Users/Stefano/Geo-Alert/vendor/laravel/framework/src/Illuminate/Routing/Router.php(753): Illuminate/Routing/Router->dispatchToRoute(Object(Illuminate/Http/Request))
#33 C:/Users/Stefano/Geo-Alert/vendor/laravel/framework/src/Illuminate/Foundation/Http/Kernel.php(200): Illuminate/Routing/Router->dispatch(Object(Illuminate/Http/Request))
#34 C:/Users/Stefano/Geo-Alert/vendor/laravel/framework/src/Illuminate/Pipeline/Pipeline.php(180): Illuminate/Foundation/Http/Kernel->{closure:Illuminate/Foundation/Http/Kernel::dispatchToRouter():197}(Object(Illuminate/Http/Request))
#35 C:/Users/Stefano/Geo-Alert/vendor/laravel/framework/src/Illuminate/Foundation/Http/Middleware/TransformsRequest.php(21): Illuminate/Pipeline/Pipeline->{closure:Illuminate/Pipeline/Pipeline::prepareDestination():178}(Object(Illuminate/Http/Request))
#36 C:/Users/Stefano/Geo-Alert/vendor/laravel/framework/src/Illuminate/Foundation/Http/Middleware/ConvertEmptyStringsToNull.php(31): Illuminate/Foundation/Http/Middleware/TransformsRequest->handle(Object(Illuminate/Http/Request), Object(Closure))
#37 C:/Users/Stefano/Geo-Alert/vendor/laravel/framework/src/Illuminate/Pipeline/Pipeline.php(219): Illuminate/Foundation/Http/Middleware/ConvertEmptyStringsToNull->handle(Object(Illuminate/Http/Request), Object(Closure))
#38 C:/Users/Stefano/Geo-Alert/vendor/laravel/framework/src/Illuminate/Foundation/Http/Middleware/TransformsRequest.php(21): Illuminate/Pipeline/Pipeline->{closure:{closure:Illuminate/Pipeline/Pipeline::carry():194}:195}(Object(Illuminate/Http/Request))
#39 C:/Users/Stefano/Geo-Alert/vendor/laravel/framework/src/Illuminate/Foundation/Http/Middleware/TrimStrings.php(51): Illuminate/Foundation/Http/Middleware/TransformsRequest->handle(Object(Illuminate/Http/Request), Object(Closure))
#40 C:/Users/Stefano/Geo-Alert/vendor/laravel/framework/src/Illuminate/Pipeline/Pipeline.php(219): Illuminate/Foundation/Http/Middleware/TrimStrings->handle(Object(Illuminate/Http/Request), Object(Closure))
#41 C:/Users/Stefano/Geo-Alert/vendor/laravel/framework/src/Illuminate/Http/Middleware/ValidatePostSize.php(27): Illuminate/Pipeline/Pipeline->{closure:{closure:Illuminate/Pipeline/Pipeline::carry():194}:195}(Object(Illuminate/Http/Request))
#42 C:/Users/Stefano/Geo-Alert/vendor/laravel/framework/src/Illuminate/Pipeline/Pipeline.php(219): Illuminate/Http/Middleware/ValidatePostSize->handle(Object(Illuminate/Http/Request), Object(Closure))
#43 C:/Users/Stefano/Geo-Alert/vendor/laravel/framework/src/Illuminate/Foundation/Http/Middleware/PreventRequestsDuringMaintenance.php(109): Illuminate/Pipeline/Pipeline->{closure:{closure:Illuminate/Pipeline/Pipeline::carry():194}:195}(Object(Illuminate/Http/Request))
#44 C:/Users/Stefano/Geo-Alert/vendor/laravel/framework/src/Illuminate/Pipeline/Pipeline.php(219): Illuminate/Foundation/Http/Middleware/PreventRequestsDuringMaintenance->handle(Object(Illuminate/Http/Request), Object(Closure))
#45 C:/Users/Stefano/Geo-Alert/vendor/laravel/framework/src/Illuminate/Http/Middleware/HandleCors.php(61): Illuminate/Pipeline/Pipeline->{closure:{closure:Illuminate/Pipeline/Pipeline::carry():194}:195}(Object(Illuminate/Http/Request))
#46 C:/Users/Stefano/Geo-Alert/vendor/laravel/framework/src/Illuminate/Pipeline/Pipeline.php(219): Illuminate/Http/Middleware/HandleCors->handle(Object(Illuminate/Http/Request), Object(Closure))
#47 C:/Users/Stefano/Geo-Alert/vendor/laravel/framework/src/Illuminate/Http/Middleware/TrustProxies.php(58): Illuminate/Pipeline/Pipeline->{closure:{closure:Illuminate/Pipeline/Pipeline::carry():194}:195}(Object(Illuminate/Http/Request))
#48 C:/Users/Stefano/Geo-Alert/vendor/laravel/framework/src/Illuminate/Pipeline/Pipeline.php(219): Illuminate/Http/Middleware/TrustProxies->handle(Object(Illuminate/Http/Request), Object(Closure))
#49 C:/Users/Stefano/Geo-Alert/vendor/laravel/framework/src/Illuminate/Foundation/Http/Middleware/InvokeDeferredCallbacks.php(22): Illuminate/Pipeline/Pipeline->{closure:{closure:Illuminate/Pipeline/Pipeline::carry():194}:195}(Object(Illuminate/Http/Request))
#50 C:/Users/Stefano/Geo-Alert/vendor/laravel/framework/src/Illuminate/Pipeline/Pipeline.php(219): Illuminate/Foundation/Http/Middleware/InvokeDeferredCallbacks->handle(Object(Illuminate/Http/Request), Object(Closure))
#51 C:/Users/Stefano/Geo-Alert/vendor/laravel/framework/src/Illuminate/Http/Middleware/ValidatePathEncoding.php(28): Illuminate/Pipeline/Pipeline->{closure:{closure:Illuminate/Pipeline/Pipeline::carry():194}:195}(Object(Illuminate/Http/Request))
#52 C:/Users/Stefano/Geo-Alert/vendor/laravel/framework/src/Illuminate/Pipeline/Pipeline.php(219): Illuminate/Http/Middleware/ValidatePathEncoding->handle(Object(Illuminate/Http/Request), Object(Closure))
#53 C:/Users/Stefano/Geo-Alert/vendor/laravel/framework/src/Illuminate/Pipeline/Pipeline.php(137): Illuminate/Pipeline/Pipeline->{closure:{closure:Illuminate/Pipeline/Pipeline::carry():194}:195}(Object(Illuminate/Http/Request))
#54 C:/Users/Stefano/Geo-Alert/vendor/laravel/framework/src/Illuminate/Foundation/Http/Kernel.php(175): Illuminate/Pipeline/Pipeline->then(Object(Closure))
#55 C:/Users/Stefano/Geo-Alert/vendor/laravel/framework/src/Illuminate/Foundation/Http/Kernel.php(144): Illuminate/Foundation/Http/Kernel->sendRequestThroughRouter(Object(Illuminate/Http/Request))
#56 C:/Users/Stefano/Geo-Alert/vendor/laravel/framework/src/Illuminate/Foundation/Application.php(1227): Illuminate/Foundation/Http/Kernel->handle(Object(Illuminate/Http/Request))
#57 C:/Users/Stefano/Geo-Alert/public/index.php(20): Illuminate/Foundation/Application->handleRequest(Object(Illuminate/Http/Request))
#58 C:/Users/Stefano/Geo-Alert/vendor/laravel/framework/src/Illuminate/Foundation/resources/server.php(23): require_once('C://Users//Stefan...')
#59 {main}
"} 
[2026-08-07 04:07:40] local.ERROR: Vite manifest not found at: C:\Users\Stefano\Geo-Alert\public\build/manifest.json (View: C:\Users\Stefano\Geo-Alert\resources\views\welcome.blade.php) {"exception":"[object] (Illuminate\\View\\ViewException(code: 0): Vite manifest not found at: C:\\Users\\Stefano\\Geo-Alert\\public\\build/manifest.json (View: C:\\Users\\Stefano\\Geo-Alert\\resources\\views\\welcome.blade.php) at C:/Users/Stefano/Geo-Alert/vendor/laravel/framework/src/Illuminate/Foundation/Vite.php:960)
[stacktrace]
#0 C:/Users/Stefano/Geo-Alert/vendor/laravel/framework/src/Illuminate/View/Engines/PhpEngine.php(59): Illuminate/View/Engines/CompilerEngine->handleViewException(Object(Illuminate/Foundation/ViteManifestNotFoundException), 1)
#1 C:/Users/Stefano/Geo-Alert/vendor/laravel/framework/src/Illuminate/View/Engines/CompilerEngine.php(76): Illuminate/View/Engines/PhpEngine->evaluatePath('C://Users//Stefan...', Array)
#2 C:/Users/Stefano/Geo-Alert/vendor/laravel/framework/src/Illuminate/View/View.php(208): Illuminate/View/Engines/CompilerEngine->get('C://Users//Stefan...', Array)
#3 C:/Users/Stefano/Geo-Alert/vendor/laravel/framework/src/Illuminate/View/View.php(191): Illuminate/View/View->getContents()
#4 C:/Users/Stefano/Geo-Alert/vendor/laravel/framework/src/Illuminate/View/View.php(160): Illuminate/View/View->renderContents()
#5 C:/Users/Stefano/Geo-Alert/vendor/laravel/framework/src/Illuminate/Http/Response.php(82): Illuminate/View/View->render()
#6 C:/Users/Stefano/Geo-Alert/vendor/laravel/framework/src/Illuminate/Http/Response.php(40): Illuminate/Http/Response->setContent(Object(Illuminate/View/View))
#7 C:/Users/Stefano/Geo-Alert/vendor/laravel/framework/src/Illuminate/Routing/Router.php(939): Illuminate/Http/Response->__construct(Object(Illuminate/View/View), 200, Array)
#8 C:/Users/Stefano/Geo-Alert/vendor/laravel/framework/src/Illuminate/Routing/Router.php(906): Illuminate/Routing/Router::toResponse(Object(Illuminate/Http/Request), Object(Illuminate/View/View))
#9 C:/Users/Stefano/Geo-Alert/vendor/laravel/framework/src/Illuminate/Routing/Router.php(821): Illuminate/Routing/Router->prepareResponse(Object(Illuminate/Http/Request), Object(Illuminate/View/View))
#10 C:/Users/Stefano/Geo-Alert/vendor/laravel/framework/src/Illuminate/Pipeline/Pipeline.php(180): Illuminate/Routing/Router->{closure:Illuminate/Routing/Router::runRouteWithinStack():821}(Object(Illuminate/Http/Request))
#11 C:/Users/Stefano/Geo-Alert/vendor/laravel/framework/src/Illuminate/Routing/Middleware/SubstituteBindings.php(52): Illuminate/Pipeline/Pipeline->{closure:Illuminate/Pipeline/Pipeline::prepareDestination():178}(Object(Illuminate/Http/Request))
#12 C:/Users/Stefano/Geo-Alert/vendor/laravel/framework/src/Illuminate/Pipeline/Pipeline.php(219): Illuminate/Routing/Middleware/SubstituteBindings->handle(Object(Illuminate/Http/Request), Object(Closure))
#13 C:/Users/Stefano/Geo-Alert/vendor/laravel/framework/src/Illuminate/Foundation/Http/Middleware/PreventRequestForgery.php(104): Illuminate/Pipeline/Pipeline->{closure:{closure:Illuminate/Pipeline/Pipeline::carry():194}:195}(Object(Illuminate/Http/Request))
#14 C:/Users/Stefano/Geo-Alert/vendor/laravel/framework/src/Illuminate/Pipeline/Pipeline.php(219): Illuminate/Foundation/Http/Middleware/PreventRequestForgery->handle(Object(Illuminate/Http/Request), Object(Closure))
#15 C:/Users/Stefano/Geo-Alert/vendor/laravel/framework/src/Illuminate/View/Middleware/ShareErrorsFromSession.php(48): Illuminate/Pipeline/Pipeline->{closure:{closure:Illuminate/Pipeline/Pipeline::carry():194}:195}(Object(Illuminate/Http/Request))
#16 C:/Users/Stefano/Geo-Alert/vendor/laravel/framework/src/Illuminate/Pipeline/Pipeline.php(219): Illuminate/View/Middleware/ShareErrorsFromSession->handle(Object(Illuminate/Http/Request), Object(Closure))
#17 C:/Users/Stefano/Geo-Alert/vendor/laravel/framework/src/Illuminate/Session/Middleware/StartSession.php(120): Illuminate/Pipeline/Pipeline->{closure:{closure:Illuminate/Pipeline/Pipeline::carry():194}:195}(Object(Illuminate/Http/Request))
#18 C:/Users/Stefano/Geo-Alert/vendor/laravel/framework/src/Illuminate/Session/Middleware/StartSession.php(63): Illuminate/Session/Middleware/StartSession->handleStatefulRequest(Object(Illuminate/Http/Request), Object(Illuminate/Session/Store), Object(Closure))
#19 C:/Users/Stefano/Geo-Alert/vendor/laravel/framework/src/Illuminate/Pipeline/Pipeline.php(219): Illuminate/Session/Middleware/StartSession->handle(Object(Illuminate/Http/Request), Object(Closure))
#20 C:/Users/Stefano/Geo-Alert/vendor/laravel/framework/src/Illuminate/Cookie/Middleware/AddQueuedCookiesToResponse.php(36): Illuminate/Pipeline/Pipeline->{closure:{closure:Illuminate/Pipeline/Pipeline::carry():194}:195}(Object(Illuminate/Http/Request))
#21 C:/Users/Stefano/Geo-Alert/vendor/laravel/framework/src/Illuminate/Pipeline/Pipeline.php(219): Illuminate/Cookie/Middleware/AddQueuedCookiesToResponse->handle(Object(Illuminate/Http/Request), Object(Closure))
#22 C:/Users/Stefano/Geo-Alert/vendor/laravel/framework/src/Illuminate/Cookie/Middleware/EncryptCookies.php(74): Illuminate/Pipeline/Pipeline->{closure:{closure:Illuminate/Pipeline/Pipeline::carry():194}:195}(Object(Illuminate/Http/Request))
#23 C:/Users/Stefano/Geo-Alert/vendor/laravel/framework/src/Illuminate/Pipeline/Pipeline.php(219): Illuminate/Cookie/Middleware/EncryptCookies->handle(Object(Illuminate/Http/Request), Object(Closure))
#24 C:/Users/Stefano/Geo-Alert/vendor/laravel/framework/src/Illuminate/Pipeline/Pipeline.php(137): Illuminate/Pipeline/Pipeline->{closure:{closure:Illuminate/Pipeline/Pipeline::carry():194}:195}(Object(Illuminate/Http/Request))
#25 C:/Users/Stefano/Geo-Alert/vendor/laravel/framework/src/Illuminate/Routing/Router.php(821): Illuminate/Pipeline/Pipeline->then(Object(Closure))
#26 C:/Users/Stefano/Geo-Alert/vendor/laravel/framework/src/Illuminate/Routing/Router.php(800): Illuminate/Routing/Router->runRouteWithinStack(Object(Illuminate/Routing/Route), Object(Illuminate/Http/Request))
#27 C:/Users/Stefano/Geo-Alert/vendor/laravel/framework/src/Illuminate/Routing/Router.php(764): Illuminate/Routing/Router->runRoute(Object(Illuminate/Http/Request), Object(Illuminate/Routing/Route))
#28 C:/Users/Stefano/Geo-Alert/vendor/laravel/framework/src/Illuminate/Routing/Router.php(753): Illuminate/Routing/Router->dispatchToRoute(Object(Illuminate/Http/Request))
#29 C:/Users/Stefano/Geo-Alert/vendor/laravel/framework/src/Illuminate/Foundation/Http/Kernel.php(200): Illuminate/Routing/Router->dispatch(Object(Illuminate/Http/Request))
#30 C:/Users/Stefano/Geo-Alert/vendor/laravel/framework/src/Illuminate/Pipeline/Pipeline.php(180): Illuminate/Foundation/Http/Kernel->{closure:Illuminate/Foundation/Http/Kernel::dispatchToRouter():197}(Object(Illuminate/Http/Request))
#31 C:/Users/Stefano/Geo-Alert/vendor/laravel/framework/src/Illuminate/Foundation/Http/Middleware/TransformsRequest.php(21): Illuminate/Pipeline/Pipeline->{closure:Illuminate/Pipeline/Pipeline::prepareDestination():178}(Object(Illuminate/Http/Request))
#32 C:/Users/Stefano/Geo-Alert/vendor/laravel/framework/src/Illuminate/Foundation/Http/Middleware/ConvertEmptyStringsToNull.php(31): Illuminate/Foundation/Http/Middleware/TransformsRequest->handle(Object(Illuminate/Http/Request), Object(Closure))
#33 C:/Users/Stefano/Geo-Alert/vendor/laravel/framework/src/Illuminate/Pipeline/Pipeline.php(219): Illuminate/Foundation/Http/Middleware/ConvertEmptyStringsToNull->handle(Object(Illuminate/Http/Request), Object(Closure))
#34 C:/Users/Stefano/Geo-Alert/vendor/laravel/framework/src/Illuminate/Foundation/Http/Middleware/TransformsRequest.php(21): Illuminate/Pipeline/Pipeline->{closure:{closure:Illuminate/Pipeline/Pipeline::carry():194}:195}(Object(Illuminate/Http/Request))
#35 C:/Users/Stefano/Geo-Alert/vendor/laravel/framework/src/Illuminate/Foundation/Http/Middleware/TrimStrings.php(51): Illuminate/Foundation/Http/Middleware/TransformsRequest->handle(Object(Illuminate/Http/Request), Object(Closure))
#36 C:/Users/Stefano/Geo-Alert/vendor/laravel/framework/src/Illuminate/Pipeline/Pipeline.php(219): Illuminate/Foundation/Http/Middleware/TrimStrings->handle(Object(Illuminate/Http/Request), Object(Closure))
#37 C:/Users/Stefano/Geo-Alert/vendor/laravel/framework/src/Illuminate/Http/Middleware/ValidatePostSize.php(27): Illuminate/Pipeline/Pipeline->{closure:{closure:Illuminate/Pipeline/Pipeline::carry():194}:195}(Object(Illuminate/Http/Request))
#38 C:/Users/Stefano/Geo-Alert/vendor/laravel/framework/src/Illuminate/Pipeline/Pipeline.php(219): Illuminate/Http/Middleware/ValidatePostSize->handle(Object(Illuminate/Http/Request), Object(Closure))
#39 C:/Users/Stefano/Geo-Alert/vendor/laravel/framework/src/Illuminate/Foundation/Http/Middleware/PreventRequestsDuringMaintenance.php(109): Illuminate/Pipeline/Pipeline->{closure:{closure:Illuminate/Pipeline/Pipeline::carry():194}:195}(Object(Illuminate/Http/Request))
#40 C:/Users/Stefano/Geo-Alert/vendor/laravel/framework/src/Illuminate/Pipeline/Pipeline.php(219): Illuminate/Foundation/Http/Middleware/PreventRequestsDuringMaintenance->handle(Object(Illuminate/Http/Request), Object(Closure))
#41 C:/Users/Stefano/Geo-Alert/vendor/laravel/framework/src/Illuminate/Http/Middleware/HandleCors.php(61): Illuminate/Pipeline/Pipeline->{closure:{closure:Illuminate/Pipeline/Pipeline::carry():194}:195}(Object(Illuminate/Http/Request))
#42 C:/Users/Stefano/Geo-Alert/vendor/laravel/framework/src/Illuminate/Pipeline/Pipeline.php(219): Illuminate/Http/Middleware/HandleCors->handle(Object(Illuminate/Http/Request), Object(Closure))
#43 C:/Users/Stefano/Geo-Alert/vendor/laravel/framework/src/Illuminate/Http/Middleware/TrustProxies.php(58): Illuminate/Pipeline/Pipeline->{closure:{closure:Illuminate/Pipeline/Pipeline::carry():194}:195}(Object(Illuminate/Http/Request))
#44 C:/Users/Stefano/Geo-Alert/vendor/laravel/framework/src/Illuminate/Pipeline/Pipeline.php(219): Illuminate/Http/Middleware/TrustProxies->handle(Object(Illuminate/Http/Request), Object(Closure))
#45 C:/Users/Stefano/Geo-Alert/vendor/laravel/framework/src/Illuminate/Foundation/Http/Middleware/InvokeDeferredCallbacks.php(22): Illuminate/Pipeline/Pipeline->{closure:{closure:Illuminate/Pipeline/Pipeline::carry():194}:195}(Object(Illuminate/Http/Request))
#46 C:/Users/Stefano/Geo-Alert/vendor/laravel/framework/src/Illuminate/Pipeline/Pipeline.php(219): Illuminate/Foundation/Http/Middleware/InvokeDeferredCallbacks->handle(Object(Illuminate/Http/Request), Object(Closure))
#47 C:/Users/Stefano/Geo-Alert/vendor/laravel/framework/src/Illuminate/Http/Middleware/ValidatePathEncoding.php(28): Illuminate/Pipeline/Pipeline->{closure:{closure:Illuminate/Pipeline/Pipeline::carry():194}:195}(Object(Illuminate/Http/Request))
#48 C:/Users/Stefano/Geo-Alert/vendor/laravel/framework/src/Illuminate/Pipeline/Pipeline.php(219): Illuminate/Http/Middleware/ValidatePathEncoding->handle(Object(Illuminate/Http/Request), Object(Closure))
#49 C:/Users/Stefano/Geo-Alert/vendor/laravel/framework/src/Illuminate/Pipeline/Pipeline.php(137): Illuminate/Pipeline/Pipeline->{closure:{closure:Illuminate/Pipeline/Pipeline::carry():194}:195}(Object(Illuminate/Http/Request))
#50 C:/Users/Stefano/Geo-Alert/vendor/laravel/framework/src/Illuminate/Foundation/Http/Kernel.php(175): Illuminate/Pipeline/Pipeline->then(Object(Closure))
#51 C:/Users/Stefano/Geo-Alert/vendor/laravel/framework/src/Illuminate/Foundation/Http/Kernel.php(144): Illuminate/Foundation/Http/Kernel->sendRequestThroughRouter(Object(Illuminate/Http/Request))
#52 C:/Users/Stefano/Geo-Alert/vendor/laravel/framework/src/Illuminate/Foundation/Application.php(1227): Illuminate/Foundation/Http/Kernel->handle(Object(Illuminate/Http/Request))
#53 C:/Users/Stefano/Geo-Alert/public/index.php(20): Illuminate/Foundation/Application->handleRequest(Object(Illuminate/Http/Request))
#54 C:/Users/Stefano/Geo-Alert/vendor/laravel/framework/src/Illuminate/Foundation/resources/server.php(23): require_once('C://Users//Stefan...')
#55 {main}

[previous exception] [object] (Illuminate\\Foundation\\ViteManifestNotFoundException(code: 0): Vite manifest not found at: C:\\Users\\Stefano\\Geo-Alert\\public\\build/manifest.json at C:/Users/Stefano/Geo-Alert/vendor/laravel/framework/src/Illuminate/Foundation/Vite.php:960)
[stacktrace]
#0 C:/Users/Stefano/Geo-Alert/vendor/laravel/framework/src/Illuminate/Foundation/Vite.php(398): Illuminate/Foundation/Vite->manifest('build')
#1 C:/Users/Stefano/Geo-Alert/storage/framework/views/908022e444dc9de38014adda002e4c0b.php(13): Illuminate/Foundation/Vite->__invoke(Object(Illuminate/Support/Collection))
#2 C:/Users/Stefano/Geo-Alert/vendor/laravel/framework/src/Illuminate/Filesystem/Filesystem.php(123): require('C://Users//Stefan...')
#3 C:/Users/Stefano/Geo-Alert/vendor/laravel/framework/src/Illuminate/Filesystem/Filesystem.php(124): Illuminate/Filesystem/Filesystem::{closure:Illuminate/Filesystem/Filesystem::getRequire():120}()
#4 C:/Users/Stefano/Geo-Alert/vendor/laravel/framework/src/Illuminate/View/Engines/PhpEngine.php(57): Illuminate/Filesystem/Filesystem->getRequire('C://Users//Stefan...', Array)
#5 C:/Users/Stefano/Geo-Alert/vendor/laravel/framework/src/Illuminate/View/Engines/CompilerEngine.php(76): Illuminate/View/Engines/PhpEngine->evaluatePath('C://Users//Stefan...', Array)
#6 C:/Users/Stefano/Geo-Alert/vendor/laravel/framework/src/Illuminate/View/View.php(208): Illuminate/View/Engines/CompilerEngine->get('C://Users//Stefan...', Array)
#7 C:/Users/Stefano/Geo-Alert/vendor/laravel/framework/src/Illuminate/View/View.php(191): Illuminate/View/View->getContents()
#8 C:/Users/Stefano/Geo-Alert/vendor/laravel/framework/src/Illuminate/View/View.php(160): Illuminate/View/View->renderContents()
#9 C:/Users/Stefano/Geo-Alert/vendor/laravel/framework/src/Illuminate/Http/Response.php(82): Illuminate/View/View->render()
#10 C:/Users/Stefano/Geo-Alert/vendor/laravel/framework/src/Illuminate/Http/Response.php(40): Illuminate/Http/Response->setContent(Object(Illuminate/View/View))
#11 C:/Users/Stefano/Geo-Alert/vendor/laravel/framework/src/Illuminate/Routing/Router.php(939): Illuminate/Http/Response->__construct(Object(Illuminate/View/View), 200, Array)
#12 C:/Users/Stefano/Geo-Alert/vendor/laravel/framework/src/Illuminate/Routing/Router.php(906): Illuminate/Routing/Router::toResponse(Object(Illuminate/Http/Request), Object(Illuminate/View/View))
#13 C:/Users/Stefano/Geo-Alert/vendor/laravel/framework/src/Illuminate/Routing/Router.php(821): Illuminate/Routing/Router->prepareResponse(Object(Illuminate/Http/Request), Object(Illuminate/View/View))
#14 C:/Users/Stefano/Geo-Alert/vendor/laravel/framework/src/Illuminate/Pipeline/Pipeline.php(180): Illuminate/Routing/Router->{closure:Illuminate/Routing/Router::runRouteWithinStack():821}(Object(Illuminate/Http/Request))
#15 C:/Users/Stefano/Geo-Alert/vendor/laravel/framework/src/Illuminate/Routing/Middleware/SubstituteBindings.php(52): Illuminate/Pipeline/Pipeline->{closure:Illuminate/Pipeline/Pipeline::prepareDestination():178}(Object(Illuminate/Http/Request))
#16 C:/Users/Stefano/Geo-Alert/vendor/laravel/framework/src/Illuminate/Pipeline/Pipeline.php(219): Illuminate/Routing/Middleware/SubstituteBindings->handle(Object(Illuminate/Http/Request), Object(Closure))
#17 C:/Users/Stefano/Geo-Alert/vendor/laravel/framework/src/Illuminate/Foundation/Http/Middleware/PreventRequestForgery.php(104): Illuminate/Pipeline/Pipeline->{closure:{closure:Illuminate/Pipeline/Pipeline::carry():194}:195}(Object(Illuminate/Http/Request))
#18 C:/Users/Stefano/Geo-Alert/vendor/laravel/framework/src/Illuminate/Pipeline/Pipeline.php(219): Illuminate/Foundation/Http/Middleware/PreventRequestForgery->handle(Object(Illuminate/Http/Request), Object(Closure))
#19 C:/Users/Stefano/Geo-Alert/vendor/laravel/framework/src/Illuminate/View/Middleware/ShareErrorsFromSession.php(48): Illuminate/Pipeline/Pipeline->{closure:{closure:Illuminate/Pipeline/Pipeline::carry():194}:195}(Object(Illuminate/Http/Request))
#20 C:/Users/Stefano/Geo-Alert/vendor/laravel/framework/src/Illuminate/Pipeline/Pipeline.php(219): Illuminate/View/Middleware/ShareErrorsFromSession->handle(Object(Illuminate/Http/Request), Object(Closure))
#21 C:/Users/Stefano/Geo-Alert/vendor/laravel/framework/src/Illuminate/Session/Middleware/StartSession.php(120): Illuminate/Pipeline/Pipeline->{closure:{closure:Illuminate/Pipeline/Pipeline::carry():194}:195}(Object(Illuminate/Http/Request))
#22 C:/Users/Stefano/Geo-Alert/vendor/laravel/framework/src/Illuminate/Session/Middleware/StartSession.php(63): Illuminate/Session/Middleware/StartSession->handleStatefulRequest(Object(Illuminate/Http/Request), Object(Illuminate/Session/Store), Object(Closure))
#23 C:/Users/Stefano/Geo-Alert/vendor/laravel/framework/src/Illuminate/Pipeline/Pipeline.php(219): Illuminate/Session/Middleware/StartSession->handle(Object(Illuminate/Http/Request), Object(Closure))
#24 C:/Users/Stefano/Geo-Alert/vendor/laravel/framework/src/Illuminate/Cookie/Middleware/AddQueuedCookiesToResponse.php(36): Illuminate/Pipeline/Pipeline->{closure:{closure:Illuminate/Pipeline/Pipeline::carry():194}:195}(Object(Illuminate/Http/Request))
#25 C:/Users/Stefano/Geo-Alert/vendor/laravel/framework/src/Illuminate/Pipeline/Pipeline.php(219): Illuminate/Cookie/Middleware/AddQueuedCookiesToResponse->handle(Object(Illuminate/Http/Request), Object(Closure))
#26 C:/Users/Stefano/Geo-Alert/vendor/laravel/framework/src/Illuminate/Cookie/Middleware/EncryptCookies.php(74): Illuminate/Pipeline/Pipeline->{closure:{closure:Illuminate/Pipeline/Pipeline::carry():194}:195}(Object(Illuminate/Http/Request))
#27 C:/Users/Stefano/Geo-Alert/vendor/laravel/framework/src/Illuminate/Pipeline/Pipeline.php(219): Illuminate/Cookie/Middleware/EncryptCookies->handle(Object(Illuminate/Http/Request), Object(Closure))
#28 C:/Users/Stefano/Geo-Alert/vendor/laravel/framework/src/Illuminate/Pipeline/Pipeline.php(137): Illuminate/Pipeline/Pipeline->{closure:{closure:Illuminate/Pipeline/Pipeline::carry():194}:195}(Object(Illuminate/Http/Request))
#29 C:/Users/Stefano/Geo-Alert/vendor/laravel/framework/src/Illuminate/Routing/Router.php(821): Illuminate/Pipeline/Pipeline->then(Object(Closure))
#30 C:/Users/Stefano/Geo-Alert/vendor/laravel/framework/src/Illuminate/Routing/Router.php(800): Illuminate/Routing/Router->runRouteWithinStack(Object(Illuminate/Routing/Route), Object(Illuminate/Http/Request))
#31 C:/Users/Stefano/Geo-Alert/vendor/laravel/framework/src/Illuminate/Routing/Router.php(764): Illuminate/Routing/Router->runRoute(Object(Illuminate/Http/Request), Object(Illuminate/Routing/Route))
#32 C:/Users/Stefano/Geo-Alert/vendor/laravel/framework/src/Illuminate/Routing/Router.php(753): Illuminate/Routing/Router->dispatchToRoute(Object(Illuminate/Http/Request))
#33 C:/Users/Stefano/Geo-Alert/vendor/laravel/framework/src/Illuminate/Foundation/Http/Kernel.php(200): Illuminate/Routing/Router->dispatch(Object(Illuminate/Http/Request))
#34 C:/Users/Stefano/Geo-Alert/vendor/laravel/framework/src/Illuminate/Pipeline/Pipeline.php(180): Illuminate/Foundation/Http/Kernel->{closure:Illuminate/Foundation/Http/Kernel::dispatchToRouter():197}(Object(Illuminate/Http/Request))
#35 C:/Users/Stefano/Geo-Alert/vendor/laravel/framework/src/Illuminate/Foundation/Http/Middleware/TransformsRequest.php(21): Illuminate/Pipeline/Pipeline->{closure:Illuminate/Pipeline/Pipeline::prepareDestination():178}(Object(Illuminate/Http/Request))
#36 C:/Users/Stefano/Geo-Alert/vendor/laravel/framework/src/Illuminate/Foundation/Http/Middleware/ConvertEmptyStringsToNull.php(31): Illuminate/Foundation/Http/Middleware/TransformsRequest->handle(Object(Illuminate/Http/Request), Object(Closure))
#37 C:/Users/Stefano/Geo-Alert/vendor/laravel/framework/src/Illuminate/Pipeline/Pipeline.php(219): Illuminate/Foundation/Http/Middleware/ConvertEmptyStringsToNull->handle(Object(Illuminate/Http/Request), Object(Closure))
#38 C:/Users/Stefano/Geo-Alert/vendor/laravel/framework/src/Illuminate/Foundation/Http/Middleware/TransformsRequest.php(21): Illuminate/Pipeline/Pipeline->{closure:{closure:Illuminate/Pipeline/Pipeline::carry():194}:195}(Object(Illuminate/Http/Request))
#39 C:/Users/Stefano/Geo-Alert/vendor/laravel/framework/src/Illuminate/Foundation/Http/Middleware/TrimStrings.php(51): Illuminate/Foundation/Http/Middleware/TransformsRequest->handle(Object(Illuminate/Http/Request), Object(Closure))
#40 C:/Users/Stefano/Geo-Alert/vendor/laravel/framework/src/Illuminate/Pipeline/Pipeline.php(219): Illuminate/Foundation/Http/Middleware/TrimStrings->handle(Object(Illuminate/Http/Request), Object(Closure))
#41 C:/Users/Stefano/Geo-Alert/vendor/laravel/framework/src/Illuminate/Http/Middleware/ValidatePostSize.php(27): Illuminate/Pipeline/Pipeline->{closure:{closure:Illuminate/Pipeline/Pipeline::carry():194}:195}(Object(Illuminate/Http/Request))
#42 C:/Users/Stefano/Geo-Alert/vendor/laravel/framework/src/Illuminate/Pipeline/Pipeline.php(219): Illuminate/Http/Middleware/ValidatePostSize->handle(Object(Illuminate/Http/Request), Object(Closure))
#43 C:/Users/Stefano/Geo-Alert/vendor/laravel/framework/src/Illuminate/Foundation/Http/Middleware/PreventRequestsDuringMaintenance.php(109): Illuminate/Pipeline/Pipeline->{closure:{closure:Illuminate/Pipeline/Pipeline::carry():194}:195}(Object(Illuminate/Http/Request))
#44 C:/Users/Stefano/Geo-Alert/vendor/laravel/framework/src/Illuminate/Pipeline/Pipeline.php(219): Illuminate/Foundation/Http/Middleware/PreventRequestsDuringMaintenance->handle(Object(Illuminate/Http/Request), Object(Closure))
#45 C:/Users/Stefano/Geo-Alert/vendor/laravel/framework/src/Illuminate/Http/Middleware/HandleCors.php(61): Illuminate/Pipeline/Pipeline->{closure:{closure:Illuminate/Pipeline/Pipeline::carry():194}:195}(Object(Illuminate/Http/Request))
#46 C:/Users/Stefano/Geo-Alert/vendor/laravel/framework/src/Illuminate/Pipeline/Pipeline.php(219): Illuminate/Http/Middleware/HandleCors->handle(Object(Illuminate/Http/Request), Object(Closure))
#47 C:/Users/Stefano/Geo-Alert/vendor/laravel/framework/src/Illuminate/Http/Middleware/TrustProxies.php(58): Illuminate/Pipeline/Pipeline->{closure:{closure:Illuminate/Pipeline/Pipeline::carry():194}:195}(Object(Illuminate/Http/Request))
#48 C:/Users/Stefano/Geo-Alert/vendor/laravel/framework/src/Illuminate/Pipeline/Pipeline.php(219): Illuminate/Http/Middleware/TrustProxies->handle(Object(Illuminate/Http/Request), Object(Closure))
#49 C:/Users/Stefano/Geo-Alert/vendor/laravel/framework/src/Illuminate/Foundation/Http/Middleware/InvokeDeferredCallbacks.php(22): Illuminate/Pipeline/Pipeline->{closure:{closure:Illuminate/Pipeline/Pipeline::carry():194}:195}(Object(Illuminate/Http/Request))
#50 C:/Users/Stefano/Geo-Alert/vendor/laravel/framework/src/Illuminate/Pipeline/Pipeline.php(219): Illuminate/Foundation/Http/Middleware/InvokeDeferredCallbacks->handle(Object(Illuminate/Http/Request), Object(Closure))
#51 C:/Users/Stefano/Geo-Alert/vendor/laravel/framework/src/Illuminate/Http/Middleware/ValidatePathEncoding.php(28): Illuminate/Pipeline/Pipeline->{closure:{closure:Illuminate/Pipeline/Pipeline::carry():194}:195}(Object(Illuminate/Http/Request))
#52 C:/Users/Stefano/Geo-Alert/vendor/laravel/framework/src/Illuminate/Pipeline/Pipeline.php(219): Illuminate/Http/Middleware/ValidatePathEncoding->handle(Object(Illuminate/Http/Request), Object(Closure))
#53 C:/Users/Stefano/Geo-Alert/vendor/laravel/framework/src/Illuminate/Pipeline/Pipeline.php(137): Illuminate/Pipeline/Pipeline->{closure:{closure:Illuminate/Pipeline/Pipeline::carry():194}:195}(Object(Illuminate/Http/Request))
#54 C:/Users/Stefano/Geo-Alert/vendor/laravel/framework/src/Illuminate/Foundation/Http/Kernel.php(175): Illuminate/Pipeline/Pipeline->then(Object(Closure))
#55 C:/Users/Stefano/Geo-Alert/vendor/laravel/framework/src/Illuminate/Foundation/Http/Kernel.php(144): Illuminate/Foundation/Http/Kernel->sendRequestThroughRouter(Object(Illuminate/Http/Request))
#56 C:/Users/Stefano/Geo-Alert/vendor/laravel/framework/src/Illuminate/Foundation/Application.php(1227): Illuminate/Foundation/Http/Kernel->handle(Object(Illuminate/Http/Request))
#57 C:/Users/Stefano/Geo-Alert/public/index.php(20): Illuminate/Foundation/Application->handleRequest(Object(Illuminate/Http/Request))
#58 C:/Users/Stefano/Geo-Alert/vendor/laravel/framework/src/Illuminate/Foundation/resources/server.php(23): require_once('C://Users//Stefan...')
#59 {main}
"} 
[2026-08-07 05:54:00] local.ERROR: SQLSTATE[HY000] [2002] No connection could be made because the target machine actively refused it {"exception":"[object] (PDOException(code: 2002): SQLSTATE[HY000] [2002] No connection could be made because the target machine actively refused it at C:/Users/Stefano/Geo-Alert/vendor/laravel/framework/src/Illuminate/Database/Connectors/Connector.php:67)
[stacktrace]
#0 C:/Users/Stefano/Geo-Alert/vendor/laravel/framework/src/Illuminate/Database/Connectors/Connector.php(67): PDO::connect('mysql:host=127....', 'root', Object(SensitiveParameterValue), Array)
#1 C:/Users/Stefano/Geo-Alert/vendor/laravel/framework/src/Illuminate/Database/Connectors/Connector.php(85): Illuminate/Database/Connectors/Connector->createPdoConnection('mysql:host=127....', 'root', Object(SensitiveParameterValue), Array)
#2 C:/Users/Stefano/Geo-Alert/vendor/laravel/framework/src/Illuminate/Database/Connectors/Connector.php(48): Illuminate/Database/Connectors/Connector->tryAgainIfCausedByLostConnection(Object(PDOException), 'mysql:host=127....', 'root', Object(SensitiveParameterValue), Array)
#3 C:/Users/Stefano/Geo-Alert/vendor/laravel/framework/src/Illuminate/Database/Connectors/MySqlConnector.php(24): Illuminate/Database/Connectors/Connector->createConnection('mysql:host=127....', Array, Array)
#4 C:/Users/Stefano/Geo-Alert/vendor/laravel/framework/src/Illuminate/Database/Connectors/ConnectionFactory.php(220): Illuminate/Database/Connectors/MySqlConnector->connect(Array)
#5 [internal function]: Illuminate/Database/Connectors/ConnectionFactory->{closure:Illuminate/Database/Connectors/ConnectionFactory::createPdoResolverWithHosts():213}()
#6 C:/Users/Stefano/Geo-Alert/vendor/laravel/framework/src/Illuminate/Database/Connection.php(1297): call_user_func(Object(Closure))
#7 C:/Users/Stefano/Geo-Alert/vendor/laravel/framework/src/Illuminate/Database/MySqlConnection.php(119): Illuminate/Database/Connection->getPdo()
#8 C:/Users/Stefano/Geo-Alert/vendor/laravel/framework/src/Illuminate/Database/MySqlConnection.php(29): Illuminate/Database/MySqlConnection->isMaria()
#9 C:/Users/Stefano/Geo-Alert/vendor/laravel/framework/src/Illuminate/Database/Console/ShowCommand.php(52): Illuminate/Database/MySqlConnection->getDriverTitle()
#10 C:/Users/Stefano/Geo-Alert/vendor/laravel/framework/src/Illuminate/Container/BoundMethod.php(36): Illuminate/Database/Console/ShowCommand->handle(Object(Illuminate/Database/DatabaseManager))
#11 C:/Users/Stefano/Geo-Alert/vendor/laravel/framework/src/Illuminate/Container/Util.php(43): Illuminate/Container/BoundMethod::{closure:Illuminate/Container/BoundMethod::call():35}()
#12 C:/Users/Stefano/Geo-Alert/vendor/laravel/framework/src/Illuminate/Container/BoundMethod.php(96): Illuminate/Container/Util::unwrapIfClosure(Object(Closure))
#13 C:/Users/Stefano/Geo-Alert/vendor/laravel/framework/src/Illuminate/Container/BoundMethod.php(35): Illuminate/Container/BoundMethod::callBoundMethod(Object(Illuminate/Foundation/Application), Array, Object(Closure))
#14 C:/Users/Stefano/Geo-Alert/vendor/laravel/framework/src/Illuminate/Container/Container.php(800): Illuminate/Container/BoundMethod::call(Object(Illuminate/Foundation/Application), Array, Array, NULL)
#15 C:/Users/Stefano/Geo-Alert/vendor/laravel/framework/src/Illuminate/Console/Command.php(280): Illuminate/Container/Container->call(Array)
#16 C:/Users/Stefano/Geo-Alert/vendor/symfony/console/Command/Command.php(284): Illuminate/Console/Command->execute(Object(Symfony/Component/Console/Input/ArgvInput), Object(Laravel/Pao/Laravel/PaoOutputStyle))
#17 C:/Users/Stefano/Geo-Alert/vendor/laravel/framework/src/Illuminate/Console/Command.php(249): Symfony/Component/Console/Command/Command->run(Object(Symfony/Component/Console/Input/ArgvInput), Object(Laravel/Pao/Laravel/PaoOutputStyle))
#18 C:/Users/Stefano/Geo-Alert/vendor/symfony/console/Application.php(1144): Illuminate/Console/Command->run(Object(Symfony/Component/Console/Input/ArgvInput), Object(Symfony/Component/Console/Output/ConsoleOutput))
#19 C:/Users/Stefano/Geo-Alert/vendor/symfony/console/Application.php(379): Symfony/Component/Console/Application->doRunCommand(Object(Illuminate/Database/Console/ShowCommand), Object(Symfony/Component/Console/Input/ArgvInput), Object(Symfony/Component/Console/Output/ConsoleOutput))
#20 C:/Users/Stefano/Geo-Alert/vendor/symfony/console/Application.php(218): Symfony/Component/Console/Application->doRun(Object(Symfony/Component/Console/Input/ArgvInput), Object(Symfony/Component/Console/Output/ConsoleOutput))
#21 C:/Users/Stefano/Geo-Alert/vendor/laravel/framework/src/Illuminate/Foundation/Console/Kernel.php(198): Symfony/Component/Console/Application->run(Object(Symfony/Component/Console/Input/ArgvInput), Object(Symfony/Component/Console/Output/ConsoleOutput))
#22 C:/Users/Stefano/Geo-Alert/vendor/laravel/framework/src/Illuminate/Foundation/Application.php(1242): Illuminate/Foundation/Console/Kernel->handle(Object(Symfony/Component/Console/Input/ArgvInput), Object(Symfony/Component/Console/Output/ConsoleOutput))
#23 C:/Users/Stefano/Geo-Alert/artisan(16): Illuminate/Foundation/Application->handleCommand(Object(Symfony/Component/Console/Input/ArgvInput))
#24 {main}
"} 
[2026-08-08 00:15:27] local.ERROR: SQLSTATE[HY000] [2002] No connection could be made because the target machine actively refused it (Connection: mysql, Host: 127.0.0.1, Port: 3306, Database: geoalert, SQL: select exists (select 1 from information_schema.tables where table_schema = schema() and table_name = 'migrations' and table_type in ('BASE TABLE', 'SYSTEM VERSIONED')) as `exists`) {"exception":"[object] (Illuminate\\Database\\QueryException(code: 2002): SQLSTATE[HY000] [2002] No connection could be made because the target machine actively refused it (Connection: mysql, Host: 127.0.0.1, Port: 3306, Database: geoalert, SQL: select exists (select 1 from information_schema.tables where table_schema = schema() and table_name = 'migrations' and table_type in ('BASE TABLE', 'SYSTEM VERSIONED')) as `exists`) at C:/Users/Stefano/Geo-Alert/vendor/laravel/framework/src/Illuminate/Database/Connection.php:857)
[stacktrace]
#0 C:/Users/Stefano/Geo-Alert/vendor/laravel/framework/src/Illuminate/Database/Connection.php(1037): Illuminate/Database/Connection->runQueryCallback('select exists (...', Array, Object(Closure))
#1 C:/Users/Stefano/Geo-Alert/vendor/laravel/framework/src/Illuminate/Database/Connection.php(1016): Illuminate/Database/Connection->tryAgainIfCausedByLostConnection(Object(Illuminate/Database/QueryException), 'select exists (...', Array, Object(Closure))
#2 C:/Users/Stefano/Geo-Alert/vendor/laravel/framework/src/Illuminate/Database/Connection.php(815): Illuminate/Database/Connection->handleQueryException(Object(Illuminate/Database/QueryException), 'select exists (...', Array, Object(Closure))
#3 C:/Users/Stefano/Geo-Alert/vendor/laravel/framework/src/Illuminate/Database/Connection.php(426): Illuminate/Database/Connection->run('select exists (...', Array, Object(Closure))
#4 C:/Users/Stefano/Geo-Alert/vendor/laravel/framework/src/Illuminate/Database/Connection.php(371): Illuminate/Database/Connection->select('select exists (...', Array, true)
#5 C:/Users/Stefano/Geo-Alert/vendor/laravel/framework/src/Illuminate/Database/Connection.php(388): Illuminate/Database/Connection->selectOne('select exists (...', Array, true)
#6 C:/Users/Stefano/Geo-Alert/vendor/laravel/framework/src/Illuminate/Database/Schema/Builder.php(176): Illuminate/Database/Connection->scalar('select exists (...')
#7 C:/Users/Stefano/Geo-Alert/vendor/laravel/framework/src/Illuminate/Database/Migrations/DatabaseMigrationRepository.php(185): Illuminate/Database/Schema/Builder->hasTable('migrations')
#8 C:/Users/Stefano/Geo-Alert/vendor/laravel/framework/src/Illuminate/Database/Migrations/Migrator.php(797): Illuminate/Database/Migrations/DatabaseMigrationRepository->repositoryExists()
#9 C:/Users/Stefano/Geo-Alert/vendor/laravel/framework/src/Illuminate/Database/Console/Migrations/MigrateCommand.php(166): Illuminate/Database/Migrations/Migrator->repositoryExists()
#10 C:/Users/Stefano/Geo-Alert/vendor/laravel/framework/src/Illuminate/Support/helpers.php(328): Illuminate/Database/Console/Migrations/MigrateCommand->{closure:Illuminate/Database/Console/Migrations/MigrateCommand::repositoryExists():166}(1)
#11 C:/Users/Stefano/Geo-Alert/vendor/laravel/framework/src/Illuminate/Database/Console/Migrations/MigrateCommand.php(166): retry(1, Object(Closure), 0, Object(Closure))
#12 C:/Users/Stefano/Geo-Alert/vendor/laravel/framework/src/Illuminate/Database/Console/Migrations/MigrateCommand.php(142): Illuminate/Database/Console/Migrations/MigrateCommand->repositoryExists()
#13 C:/Users/Stefano/Geo-Alert/vendor/laravel/framework/src/Illuminate/Database/Console/Migrations/MigrateCommand.php(112): Illuminate/Database/Console/Migrations/MigrateCommand->prepareDatabase()
#14 C:/Users/Stefano/Geo-Alert/vendor/laravel/framework/src/Illuminate/Database/Migrations/Migrator.php(672): Illuminate/Database/Console/Migrations/MigrateCommand->{closure:Illuminate/Database/Console/Migrations/MigrateCommand::runMigrations():111}()
#15 C:/Users/Stefano/Geo-Alert/vendor/laravel/framework/src/Illuminate/Database/Console/Migrations/MigrateCommand.php(111): Illuminate/Database/Migrations/Migrator->usingConnection(NULL, Object(Closure))
#16 C:/Users/Stefano/Geo-Alert/vendor/laravel/framework/src/Illuminate/Database/Console/Migrations/MigrateCommand.php(90): Illuminate/Database/Console/Migrations/MigrateCommand->runMigrations()
#17 C:/Users/Stefano/Geo-Alert/vendor/laravel/framework/src/Illuminate/Container/BoundMethod.php(36): Illuminate/Database/Console/Migrations/MigrateCommand->handle()
#18 C:/Users/Stefano/Geo-Alert/vendor/laravel/framework/src/Illuminate/Container/Util.php(43): Illuminate/Container/BoundMethod::{closure:Illuminate/Container/BoundMethod::call():35}()
#19 C:/Users/Stefano/Geo-Alert/vendor/laravel/framework/src/Illuminate/Container/BoundMethod.php(96): Illuminate/Container/Util::unwrapIfClosure(Object(Closure))
#20 C:/Users/Stefano/Geo-Alert/vendor/laravel/framework/src/Illuminate/Container/BoundMethod.php(35): Illuminate/Container/BoundMethod::callBoundMethod(Object(Illuminate/Foundation/Application), Array, Object(Closure))
#21 C:/Users/Stefano/Geo-Alert/vendor/laravel/framework/src/Illuminate/Container/Container.php(800): Illuminate/Container/BoundMethod::call(Object(Illuminate/Foundation/Application), Array, Array, NULL)
#22 C:/Users/Stefano/Geo-Alert/vendor/laravel/framework/src/Illuminate/Console/Command.php(280): Illuminate/Container/Container->call(Array)
#23 C:/Users/Stefano/Geo-Alert/vendor/symfony/console/Command/Command.php(284): Illuminate/Console/Command->execute(Object(Symfony/Component/Console/Input/ArgvInput), Object(Laravel/Pao/Laravel/PaoOutputStyle))
#24 C:/Users/Stefano/Geo-Alert/vendor/laravel/framework/src/Illuminate/Console/Command.php(249): Symfony/Component/Console/Command/Command->run(Object(Symfony/Component/Console/Input/ArgvInput), Object(Laravel/Pao/Laravel/PaoOutputStyle))
#25 C:/Users/Stefano/Geo-Alert/vendor/symfony/console/Application.php(1144): Illuminate/Console/Command->run(Object(Symfony/Component/Console/Input/ArgvInput), Object(Symfony/Component/Console/Output/ConsoleOutput))
#26 C:/Users/Stefano/Geo-Alert/vendor/symfony/console/Application.php(379): Symfony/Component/Console/Application->doRunCommand(Object(Illuminate/Database/Console/Migrations/MigrateCommand), Object(Symfony/Component/Console/Input/ArgvInput), Object(Symfony/Component/Console/Output/ConsoleOutput))
#27 C:/Users/Stefano/Geo-Alert/vendor/symfony/console/Application.php(218): Symfony/Component/Console/Application->doRun(Object(Symfony/Component/Console/Input/ArgvInput), Object(Symfony/Component/Console/Output/ConsoleOutput))
#28 C:/Users/Stefano/Geo-Alert/vendor/laravel/framework/src/Illuminate/Foundation/Console/Kernel.php(198): Symfony/Component/Console/Application->run(Object(Symfony/Component/Console/Input/ArgvInput), Object(Symfony/Component/Console/Output/ConsoleOutput))
#29 C:/Users/Stefano/Geo-Alert/vendor/laravel/framework/src/Illuminate/Foundation/Application.php(1242): Illuminate/Foundation/Console/Kernel->handle(Object(Symfony/Component/Console/Input/ArgvInput), Object(Symfony/Component/Console/Output/ConsoleOutput))
#30 C:/Users/Stefano/Geo-Alert/artisan(16): Illuminate/Foundation/Application->handleCommand(Object(Symfony/Component/Console/Input/ArgvInput))
#31 {main}

[previous exception] [object] (PDOException(code: 2002): SQLSTATE[HY000] [2002] No connection could be made because the target machine actively refused it at C:/Users/Stefano/Geo-Alert/vendor/laravel/framework/src/Illuminate/Database/Connectors/Connector.php:67)
[stacktrace]
#0 C:/Users/Stefano/Geo-Alert/vendor/laravel/framework/src/Illuminate/Database/Connectors/Connector.php(67): PDO::connect('mysql:host=127....', 'root', Object(SensitiveParameterValue), Array)
#1 C:/Users/Stefano/Geo-Alert/vendor/laravel/framework/src/Illuminate/Database/Connectors/Connector.php(85): Illuminate/Database/Connectors/Connector->createPdoConnection('mysql:host=127....', 'root', Object(SensitiveParameterValue), Array)
#2 C:/Users/Stefano/Geo-Alert/vendor/laravel/framework/src/Illuminate/Database/Connectors/Connector.php(48): Illuminate/Database/Connectors/Connector->tryAgainIfCausedByLostConnection(Object(PDOException), 'mysql:host=127....', 'root', Object(SensitiveParameterValue), Array)
#3 C:/Users/Stefano/Geo-Alert/vendor/laravel/framework/src/Illuminate/Database/Connectors/MySqlConnector.php(24): Illuminate/Database/Connectors/Connector->createConnection('mysql:host=127....', Array, Array)
#4 C:/Users/Stefano/Geo-Alert/vendor/laravel/framework/src/Illuminate/Database/Connectors/ConnectionFactory.php(220): Illuminate/Database/Connectors/MySqlConnector->connect(Array)
#5 [internal function]: Illuminate/Database/Connectors/ConnectionFactory->{closure:Illuminate/Database/Connectors/ConnectionFactory::createPdoResolverWithHosts():213}()
#6 C:/Users/Stefano/Geo-Alert/vendor/laravel/framework/src/Illuminate/Database/Connection.php(1297): call_user_func(Object(Closure))
#7 C:/Users/Stefano/Geo-Alert/vendor/laravel/framework/src/Illuminate/Database/Connection.php(1335): Illuminate/Database/Connection->getPdo()
#8 C:/Users/Stefano/Geo-Alert/vendor/laravel/framework/src/Illuminate/Database/Connection.php(542): Illuminate/Database/Connection->getReadPdo()
#9 C:/Users/Stefano/Geo-Alert/vendor/laravel/framework/src/Illuminate/Database/Connection.php(435): Illuminate/Database/Connection->getPdoForSelect(true)
#10 C:/Users/Stefano/Geo-Alert/vendor/laravel/framework/src/Illuminate/Database/Connection.php(846): Illuminate/Database/Connection->{closure:Illuminate/Database/Connection::select():426}('select exists (...', Array)
#11 C:/Users/Stefano/Geo-Alert/vendor/laravel/framework/src/Illuminate/Database/Connection.php(1037): Illuminate/Database/Connection->runQueryCallback('select exists (...', Array, Object(Closure))
#12 C:/Users/Stefano/Geo-Alert/vendor/laravel/framework/src/Illuminate/Database/Connection.php(1016): Illuminate/Database/Connection->tryAgainIfCausedByLostConnection(Object(Illuminate/Database/QueryException), 'select exists (...', Array, Object(Closure))
#13 C:/Users/Stefano/Geo-Alert/vendor/laravel/framework/src/Illuminate/Database/Connection.php(815): Illuminate/Database/Connection->handleQueryException(Object(Illuminate/Database/QueryException), 'select exists (...', Array, Object(Closure))
#14 C:/Users/Stefano/Geo-Alert/vendor/laravel/framework/src/Illuminate/Database/Connection.php(426): Illuminate/Database/Connection->run('select exists (...', Array, Object(Closure))
#15 C:/Users/Stefano/Geo-Alert/vendor/laravel/framework/src/Illuminate/Database/Connection.php(371): Illuminate/Database/Connection->select('select exists (...', Array, true)
#16 C:/Users/Stefano/Geo-Alert/vendor/laravel/framework/src/Illuminate/Database/Connection.php(388): Illuminate/Database/Connection->selectOne('select exists (...', Array, true)
#17 C:/Users/Stefano/Geo-Alert/vendor/laravel/framework/src/Illuminate/Database/Schema/Builder.php(176): Illuminate/Database/Connection->scalar('select exists (...')
#18 C:/Users/Stefano/Geo-Alert/vendor/laravel/framework/src/Illuminate/Database/Migrations/DatabaseMigrationRepository.php(185): Illuminate/Database/Schema/Builder->hasTable('migrations')
#19 C:/Users/Stefano/Geo-Alert/vendor/laravel/framework/src/Illuminate/Database/Migrations/Migrator.php(797): Illuminate/Database/Migrations/DatabaseMigrationRepository->repositoryExists()
#20 C:/Users/Stefano/Geo-Alert/vendor/laravel/framework/src/Illuminate/Database/Console/Migrations/MigrateCommand.php(166): Illuminate/Database/Migrations/Migrator->repositoryExists()
#21 C:/Users/Stefano/Geo-Alert/vendor/laravel/framework/src/Illuminate/Support/helpers.php(328): Illuminate/Database/Console/Migrations/MigrateCommand->{closure:Illuminate/Database/Console/Migrations/MigrateCommand::repositoryExists():166}(1)
#22 C:/Users/Stefano/Geo-Alert/vendor/laravel/framework/src/Illuminate/Database/Console/Migrations/MigrateCommand.php(166): retry(1, Object(Closure), 0, Object(Closure))
#23 C:/Users/Stefano/Geo-Alert/vendor/laravel/framework/src/Illuminate/Database/Console/Migrations/MigrateCommand.php(142): Illuminate/Database/Console/Migrations/MigrateCommand->repositoryExists()
#24 C:/Users/Stefano/Geo-Alert/vendor/laravel/framework/src/Illuminate/Database/Console/Migrations/MigrateCommand.php(112): Illuminate/Database/Console/Migrations/MigrateCommand->prepareDatabase()
#25 C:/Users/Stefano/Geo-Alert/vendor/laravel/framework/src/Illuminate/Database/Migrations/Migrator.php(672): Illuminate/Database/Console/Migrations/MigrateCommand->{closure:Illuminate/Database/Console/Migrations/MigrateCommand::runMigrations():111}()
#26 C:/Users/Stefano/Geo-Alert/vendor/laravel/framework/src/Illuminate/Database/Console/Migrations/MigrateCommand.php(111): Illuminate/Database/Migrations/Migrator->usingConnection(NULL, Object(Closure))
#27 C:/Users/Stefano/Geo-Alert/vendor/laravel/framework/src/Illuminate/Database/Console/Migrations/MigrateCommand.php(90): Illuminate/Database/Console/Migrations/MigrateCommand->runMigrations()
#28 C:/Users/Stefano/Geo-Alert/vendor/laravel/framework/src/Illuminate/Container/BoundMethod.php(36): Illuminate/Database/Console/Migrations/MigrateCommand->handle()
#29 C:/Users/Stefano/Geo-Alert/vendor/laravel/framework/src/Illuminate/Container/Util.php(43): Illuminate/Container/BoundMethod::{closure:Illuminate/Container/BoundMethod::call():35}()
#30 C:/Users/Stefano/Geo-Alert/vendor/laravel/framework/src/Illuminate/Container/BoundMethod.php(96): Illuminate/Container/Util::unwrapIfClosure(Object(Closure))
#31 C:/Users/Stefano/Geo-Alert/vendor/laravel/framework/src/Illuminate/Container/BoundMethod.php(35): Illuminate/Container/BoundMethod::callBoundMethod(Object(Illuminate/Foundation/Application), Array, Object(Closure))
#32 C:/Users/Stefano/Geo-Alert/vendor/laravel/framework/src/Illuminate/Container/Container.php(800): Illuminate/Container/BoundMethod::call(Object(Illuminate/Foundation/Application), Array, Array, NULL)
#33 C:/Users/Stefano/Geo-Alert/vendor/laravel/framework/src/Illuminate/Console/Command.php(280): Illuminate/Container/Container->call(Array)
#34 C:/Users/Stefano/Geo-Alert/vendor/symfony/console/Command/Command.php(284): Illuminate/Console/Command->execute(Object(Symfony/Component/Console/Input/ArgvInput), Object(Laravel/Pao/Laravel/PaoOutputStyle))
#35 C:/Users/Stefano/Geo-Alert/vendor/laravel/framework/src/Illuminate/Console/Command.php(249): Symfony/Component/Console/Command/Command->run(Object(Symfony/Component/Console/Input/ArgvInput), Object(Laravel/Pao/Laravel/PaoOutputStyle))
#36 C:/Users/Stefano/Geo-Alert/vendor/symfony/console/Application.php(1144): Illuminate/Console/Command->run(Object(Symfony/Component/Console/Input/ArgvInput), Object(Symfony/Component/Console/Output/ConsoleOutput))
#37 C:/Users/Stefano/Geo-Alert/vendor/symfony/console/Application.php(379): Symfony/Component/Console/Application->doRunCommand(Object(Illuminate/Database/Console/Migrations/MigrateCommand), Object(Symfony/Component/Console/Input/ArgvInput), Object(Symfony/Component/Console/Output/ConsoleOutput))
#38 C:/Users/Stefano/Geo-Alert/vendor/symfony/console/Application.php(218): Symfony/Component/Console/Application->doRun(Object(Symfony/Component/Console/Input/ArgvInput), Object(Symfony/Component/Console/Output/ConsoleOutput))
#39 C:/Users/Stefano/Geo-Alert/vendor/laravel/framework/src/Illuminate/Foundation/Console/Kernel.php(198): Symfony/Component/Console/Application->run(Object(Symfony/Component/Console/Input/ArgvInput), Object(Symfony/Component/Console/Output/ConsoleOutput))
#40 C:/Users/Stefano/Geo-Alert/vendor/laravel/framework/src/Illuminate/Foundation/Application.php(1242): Illuminate/Foundation/Console/Kernel->handle(Object(Symfony/Component/Console/Input/ArgvInput), Object(Symfony/Component/Console/Output/ConsoleOutput))
#41 C:/Users/Stefano/Geo-Alert/artisan(16): Illuminate/Foundation/Application->handleCommand(Object(Symfony/Component/Console/Input/ArgvInput))
#42 {main}
"} 
[2026-08-08 12:19:37] local.ERROR: The [pcntl] extension is required to run Pail. {"exception":"[object] (RuntimeException(code: 0): The [pcntl] extension is required to run Pail. at C:/Users/Stefano/Geo-Alert/vendor/laravel/pail/src/Guards/EnsurePcntlIsAvailable.php:15)
[stacktrace]
#0 C:/Users/Stefano/Geo-Alert/vendor/laravel/pail/src/Console/Commands/PailCommand.php(46): Laravel/Pail/Guards/EnsurePcntlIsAvailable::check()
#1 C:/Users/Stefano/Geo-Alert/vendor/laravel/framework/src/Illuminate/Container/BoundMethod.php(36): Laravel/Pail/Console/Commands/PailCommand->handle(Object(Laravel/Pail/ProcessFactory))
#2 C:/Users/Stefano/Geo-Alert/vendor/laravel/framework/src/Illuminate/Container/Util.php(43): Illuminate/Container/BoundMethod::{closure:Illuminate/Container/BoundMethod::call():35}()
#3 C:/Users/Stefano/Geo-Alert/vendor/laravel/framework/src/Illuminate/Container/BoundMethod.php(96): Illuminate/Container/Util::unwrapIfClosure(Object(Closure))
#4 C:/Users/Stefano/Geo-Alert/vendor/laravel/framework/src/Illuminate/Container/BoundMethod.php(35): Illuminate/Container/BoundMethod::callBoundMethod(Object(Illuminate/Foundation/Application), Array, Object(Closure))
#5 C:/Users/Stefano/Geo-Alert/vendor/laravel/framework/src/Illuminate/Container/Container.php(800): Illuminate/Container/BoundMethod::call(Object(Illuminate/Foundation/Application), Array, Array, NULL)
#6 C:/Users/Stefano/Geo-Alert/vendor/laravel/framework/src/Illuminate/Console/Command.php(280): Illuminate/Container/Container->call(Array)
#7 C:/Users/Stefano/Geo-Alert/vendor/symfony/console/Command/Command.php(284): Illuminate/Console/Command->execute(Object(Symfony/Component/Console/Input/ArgvInput), Object(Laravel/Pao/Laravel/PaoOutputStyle))
#8 C:/Users/Stefano/Geo-Alert/vendor/laravel/framework/src/Illuminate/Console/Command.php(249): Symfony/Component/Console/Command/Command->run(Object(Symfony/Component/Console/Input/ArgvInput), Object(Laravel/Pao/Laravel/PaoOutputStyle))
#9 C:/Users/Stefano/Geo-Alert/vendor/symfony/console/Application.php(1144): Illuminate/Console/Command->run(Object(Symfony/Component/Console/Input/ArgvInput), Object(Symfony/Component/Console/Output/ConsoleOutput))
#10 C:/Users/Stefano/Geo-Alert/vendor/symfony/console/Application.php(379): Symfony/Component/Console/Application->doRunCommand(Object(Laravel/Pail/Console/Commands/PailCommand), Object(Symfony/Component/Console/Input/ArgvInput), Object(Symfony/Component/Console/Output/ConsoleOutput))
#11 C:/Users/Stefano/Geo-Alert/vendor/symfony/console/Application.php(218): Symfony/Component/Console/Application->doRun(Object(Symfony/Component/Console/Input/ArgvInput), Object(Symfony/Component/Console/Output/ConsoleOutput))
#12 C:/Users/Stefano/Geo-Alert/vendor/laravel/framework/src/Illuminate/Foundation/Console/Kernel.php(198): Symfony/Component/Console/Application->run(Object(Symfony/Component/Console/Input/ArgvInput), Object(Symfony/Component/Console/Output/ConsoleOutput))
#13 C:/Users/Stefano/Geo-Alert/vendor/laravel/framework/src/Illuminate/Foundation/Application.php(1242): Illuminate/Foundation/Console/Kernel->handle(Object(Symfony/Component/Console/Input/ArgvInput), Object(Symfony/Component/Console/Output/ConsoleOutput))
#14 C:/Users/Stefano/Geo-Alert/artisan(16): Illuminate/Foundation/Application->handleCommand(Object(Symfony/Component/Console/Input/ArgvInput))
#15 {main}
"} 
